experiment_id,theta,seed,condition,noise_strength,kl,js,tv,entropy,l1,utility,action
0,0.0,0,low,0.02,0.3116211042835415,0.005448442029075284,0.015625,1.1576622960051726,0.03125,-0.015625,IGNORE
1,0.0,0,medium,0.08,1.249847856736935,0.020838241524073844,0.058837890625,1.4834757075280913,0.11767578125,-0.058837890625,IGNORE
2,0.0,0,high,0.2,3.7764695060800344,0.06256039096250972,0.169189453125,2.126939090719733,0.33837890625,-0.169189453125,IGNORE
3,0.0,1,low,0.02,0.41415283768283934,0.007163073034985357,0.0205078125,1.1995016845060626,0.041015625,-0.0205078125,IGNORE
4,0.0,1,medium,0.08,1.674335952760888,0.02778057188588491,0.077880859375,1.611138342536181,0.15576171875,-0.077880859375,IGNORE
5,0.0,1,high,0.2,3.97628981212906,0.06594655795197157,0.177734375,2.1707417967810496,0.35546875,-0.177734375,IGNORE
6,0.0,2,low,0.02,0.35806138953218025,0.006377773784514428,0.026611328125,1.1760557620939056,0.05322265625,-0.026611328125,IGNORE
7,0.0,2,medium,0.08,1.4837141939042577,0.02483438573890724,0.0693359375,1.5540649380570124,0.138671875,-0.0693359375,IGNORE
8,0.0,2,high,0.2,3.942763522359606,0.06553446347147325,0.17626953125,2.1621815852279056,0.3525390625,-0.17626953125,IGNORE
9,0.0,3,low,0.02,0.2817419291668071,0.004947515093575649,0.01416015625,1.1438404102289965,0.0283203125,-0.01416015625,IGNORE
10,0.0,3,medium,0.08,1.4859455715622238,0.024654279366462452,0.0693359375,1.550845740575514,0.138671875,-0.0693359375,IGNORE
11,0.0,3,high,0.2,3.6301880594512537,0.060055949255615845,0.162841796875,2.0912887729923897,0.32568359375,-0.162841796875,IGNORE
12,0.0,4,low,0.02,0.3476389224236825,0.006197498210777175,0.02587890625,1.1721160625241829,0.0517578125,-0.02587890625,IGNORE
13,0.0,4,medium,0.08,1.5610101513828594,0.02592057674427567,0.07275390625,1.5753834317887343,0.1455078125,-0.07275390625,IGNORE
14,0.0,4,high,0.2,3.960722687439657,0.06568439017029434,0.177001953125,2.16473619859988,0.35400390625,-0.177001953125,IGNORE
15,0.0,5,low,0.02,0.3182659317989319,0.00553156335084987,0.015869140625,1.1575639068916468,0.03173828125,-0.015869140625,IGNORE
16,0.0,5,medium,0.08,1.3866062220201036,0.023054052227850758,0.06494140625,1.5233768568962407,0.1298828125,-0.06494140625,IGNORE
17,0.0,5,high,0.2,3.7716525165211117,0.06245927634718349,0.1689453125,2.1244004670779146,0.337890625,-0.1689453125,IGNORE
18,0.0,6,low,0.02,0.3367694063576945,0.0059401608349354,0.019775390625,1.1688213182684661,0.03955078125,-0.019775390625,IGNORE
19,0.0,6,medium,0.08,1.4604742238497213,0.024354911273199276,0.068359375,1.5496408452431387,0.13671875,-0.068359375,IGNORE
20,0.0,6,high,0.2,3.9320427130384905,0.06523558741801777,0.17578125,2.158672302488814,0.3515625,-0.17578125,IGNORE
21,0.0,7,low,0.02,0.26772287176620424,0.004685702419468587,0.013427734375,1.135601423047313,0.02685546875,-0.013427734375,IGNORE
22,0.0,7,medium,0.08,1.3358091281389224,0.022270211979119808,0.062744140625,1.511268937015779,0.12548828125,-0.062744140625,IGNORE
23,0.0,7,high,0.2,3.8783185917287613,0.06429309817764617,0.173583984375,2.150787190564066,0.34716796875,-0.173583984375,IGNORE
24,0.0,8,low,0.02,0.33696256911620115,0.005884512626560234,0.016845703125,1.1685426433146842,0.03369140625,-0.016845703125,IGNORE
25,0.0,8,medium,0.08,1.472148718909351,0.024489150828229198,0.06884765625,1.5517742502967091,0.1376953125,-0.06884765625,IGNORE
26,0.0,8,high,0.2,3.950302540180787,0.06546999055282426,0.176513671875,2.160793152194604,0.35302734375,-0.176513671875,IGNORE
27,0.0,9,low,0.02,0.43099138073345666,0.007423112806865023,0.021240234375,1.2036730137226128,0.04248046875,-0.021240234375,IGNORE
28,0.0,9,medium,0.08,1.452022522053014,0.024144437070388054,0.06787109375,1.5428579323313398,0.1357421875,-0.06787109375,IGNORE
29,0.0,9,high,0.2,4.104129698941737,0.06808746062889964,0.18310546875,2.1950453790393816,0.3662109375,-0.18310546875,IGNORE
30,0.19634954084936207,0,low,0.02,0.28324310513423967,0.004952880891217047,0.014902799639681413,1.1861988972114315,0.029805599279362827,-0.014902799639681413,IGNORE
31,0.19634954084936207,0,medium,0.08,1.0215893580982847,0.018406551213818095,0.05738326838968141,1.499664948560394,0.11476653677936283,-0.05738326838968141,IGNORE
32,0.19634954084936207,0,high,0.2,3.3465380982379664,0.059300796217600885,0.1684672527646814,2.144552094361363,0.3369345055293628,-0.1684672527646814,IGNORE
33,0.19634954084936207,1,low,0.02,0.3416924621765256,0.006288573607540994,0.021250455889681413,1.2351946870958834,0.04250091177936283,-0.021250455889681413,IGNORE
34,0.19634954084936207,1,medium,0.08,1.4319869501120575,0.02555693555213739,0.07789108088968141,1.6364626871095438,0.15578216177936283,-0.07789108088968141,IGNORE
35,0.19634954084936207,1,high,0.2,3.436303014388712,0.06222541601806282,0.1767680340146814,2.186484805354129,0.3535360680293628,-0.1767680340146814,IGNORE
36,0.19634954084936207,2,low,0.02,0.30499338173041457,0.00556490220977287,0.026494368569840693,1.204353392276721,0.052988737139681386,-0.026494368569840693,IGNORE
37,0.19634954084936207,2,medium,0.08,1.2876184352730522,0.02282125842648422,0.06910201838968141,1.5787787954323487,0.13820403677936283,-0.06910201838968141,IGNORE
38,0.19634954084936207,2,high,0.2,3.4969967210934985,0.06222842855784129,0.1755473308896814,2.1799315643998893,0.3510946617793628,-0.1755473308896814,IGNORE
39,0.19634954084936207,3,low,0.02,0.2487420729841255,0.0043991561006392,0.013682096514681413,1.17342945802346,0.027364193029362827,-0.013682096514681413,IGNORE
40,0.19634954084936207,3,medium,0.08,1.237280943178269,0.021310825756102148,0.06421920588968141,1.5447779928407293,0.12843841177936283,-0.06421920588968141,IGNORE
41,0.19634954084936207,3,high,0.2,3.059619590555194,0.056335551579379174,0.1621195965146814,2.1078395420634495,0.3242391930293628,-0.1621195965146814,IGNORE
42,0.19634954084936207,4,low,0.02,0.3040101824376621,0.0054566163040628045,0.025761946694840693,1.1941847750165109,0.051523893389681386,-0.025761946694840693,IGNORE
43,0.19634954084936207,4,medium,0.08,1.4347670712964589,0.02519083574358432,0.07569381526468141,1.622626639368077,0.15138763052936283,-0.07569381526468141,IGNORE
44,0.19634954084936207,4,high,0.2,3.3747379525335672,0.06068420062547984,0.1716410808896814,2.159195352665897,0.3432821617793628,-0.1716410808896814,IGNORE
45,0.19634954084936207,5,low,0.02,0.23958957473086984,0.0044313675417750505,0.015391080889681413,1.1850411142490387,0.030782161779362827,-0.015391080889681413,IGNORE
46,0.19634954084936207,5,medium,0.08,1.1534960489822494,0.02077897984252204,0.06446334651468141,1.5466983382323238,0.12892669302936283,-0.06446334651468141,IGNORE
47,0.19634954084936207,5,high,0.2,3.268065513606474,0.05887207571404038,0.1679789715146814,2.140570290396956,0.3359579430293628,-0.1679789715146814,IGNORE
48,0.19634954084936207,6,low,0.02,0.30344856596358843,0.0054042815820890405,0.019414290444840693,1.1988573743198954,0.038828580889681386,-0.019414290444840693,IGNORE
49,0.19634954084936207,6,medium,0.08,1.2743337633089693,0.022366765277454452,0.06788131526468141,1.5731777701704908,0.13576263052936283,-0.06788131526468141,IGNORE
50,0.19634954084936207,6,high,0.2,3.4077704422442725,0.06159164500914988,0.1748149090146814,2.1744220221330783,0.3496298180293628,-0.1748149090146814,IGNORE
51,0.19634954084936207,7,low,0.02,0.22445662801396984,0.004122622748901902,0.01306663419484072,1.1591017234914016,0.02613326838968144,-0.01306663419484072,IGNORE
52,0.19634954084936207,7,medium,0.08,1.0874349886282166,0.019848315886882177,0.06202194026468141,1.5320273486688558,0.12404388052936283,-0.06202194026468141,IGNORE
53,0.19634954084936207,7,high,0.2,3.3077358824832004,0.06056033550779297,0.1728617840146814,2.1672942078244883,0.3457235680293628,-0.1728617840146814,IGNORE
54,0.19634954084936207,8,low,0.02,0.26863667785632633,0.004936138109365772,0.016611784014681413,1.198123479483801,0.03322356802936283,-0.016611784014681413,IGNORE
55,0.19634954084936207,8,medium,0.08,1.2396843859324571,0.022241088068692398,0.06836959651468141,1.5741406009097307,0.13673919302936283,-0.06836959651468141,IGNORE
56,0.19634954084936207,8,high,0.2,3.280136039020144,0.06138438901615776,0.1755473308896814,2.17546732195231,0.3510946617793628,-0.1755473308896814,IGNORE
57,0.19634954084936207,9,low,0.02,0.31974344795571064,0.005607306795434142,0.017344205889681413,1.2057398358120315,0.03468841177936283,-0.017344205889681413,IGNORE
58,0.19634954084936207,9,medium,0.08,1.3828627996759013,0.024459571166539844,0.07447311213968141,1.6122984765281885,0.14894622427936283,-0.07447311213968141,IGNORE
59,0.19634954084936207,9,high,0.2,3.6425609044440908,0.06463324138013993,0.1821391277646814,2.210954429728325,0.3642782555293628,-0.1821391277646814,IGNORE
60,0.39269908169872414,0,low,0.02,0.25764718801893954,0.004515400537178875,0.012939453125000028,1.2455760317636235,0.025878906250000056,-0.012939453125000028,IGNORE
61,0.39269908169872414,0,medium,0.08,1.2374751788817928,0.020965160974224593,0.0653570796401973,1.6283954104524017,0.1307141592803946,-0.0653570796401973,IGNORE
62,0.39269908169872414,0,high,0.2,3.33091766114674,0.05688135988234386,0.1659430171401973,2.1929966498461475,0.3318860342803946,-0.1659430171401973,IGNORE
63,0.39269908169872414,1,low,0.02,0.36109716349646515,0.006406158172523674,0.022632470265197296,1.3218730000295662,0.04526494053039459,-0.022632470265197296,IGNORE
64,0.39269908169872414,1,medium,0.08,1.4472663605785971,0.024736368320528918,0.0778082515151973,1.7047207424563753,0.1556165030303946,-0.0778082515151973,IGNORE
65,0.39269908169872414,1,high,0.2,3.4266242077195157,0.0593826063877947,0.1744879390151973,2.2339202466975676,0.3489758780303946,-0.1744879390151973,IGNORE
66,0.39269908169872414,2,low,0.02,0.3146170554880561,0.005633112505677091,0.0263671875,1.280613793786322,0.052734375,-0.0263671875,IGNORE
67,0.39269908169872414,2,medium,0.08,1.2936957472197874,0.02204151275399153,0.0677984858901973,1.6421077562315627,0.1355969717803946,-0.0677984858901973,IGNORE
68,0.39269908169872414,2,high,0.2,3.4367355380652826,0.05932777408296171,0.1730230952651973,2.2268087293630847,0.3460461905303946,-0.1730230952651973,IGNORE
69,0.39269908169872414,3,low,0.02,0.24381165555367262,0.00432068580287991,0.013952319554901366,1.2342179797216377,0.02790463910980273,-0.013952319554901366,IGNORE
70,0.39269908169872414,3,medium,0.08,1.224051937272679,0.020588036445437337,0.0631598140151973,1.6106984247512777,0.1263196280303946,-0.0631598140151973,IGNORE
71,0.39269908169872414,3,high,0.2,3.0371148917930664,0.05319621545782514,0.1595953608901973,2.15308343421305,0.3191907217803946,-0.1595953608901973,IGNORE
72,0.39269908169872414,4,low,0.02,0.3402847436632976,0.006130417498405055,0.025598461695098634,1.3067902279382855,0.05119692339019727,-0.025598461695098634,IGNORE
73,0.39269908169872414,4,medium,0.08,1.414402329826982,0.02418402340050026,0.0753668452651973,1.6894965044099837,0.1507336905303946,-0.0753668452651973,IGNORE
74,0.39269908169872414,4,high,0.2,3.490662951765179,0.060654922258568195,0.1776617671401973,2.2487075590888916,0.3553235342803946,-0.1776617671401973,IGNORE
75,0.39269908169872414,5,low,0.02,0.2628388889546314,0.004615252743899447,0.014367992945098662,1.261928447875462,0.028735985890197324,-0.014367992945098662,IGNORE
76,0.39269908169872414,5,medium,0.08,1.1890621799999384,0.020165529275329514,0.0629156733901973,1.6114652401077145,0.1258313467803946,-0.0629156733901973,IGNORE
77,0.39269908169872414,5,high,0.2,3.328161035332891,0.057510918864775384,0.1693609858901973,2.209031935966597,0.3387219717803946,-0.1693609858901973,IGNORE
78,0.39269908169872414,6,low,0.02,0.28352176152521424,0.005016930705784049,0.018762524195098634,1.2714539934744724,0.03752504839019727,-0.018762524195098634,IGNORE
79,0.39269908169872414,6,medium,0.08,1.2760943003347611,0.021565826616184072,0.0663336421401973,1.6347467393259858,0.1326672842803946,-0.0663336421401973,IGNORE
80,0.39269908169872414,6,high,0.2,3.1587853620480293,0.05692239755367315,0.1720465327651973,2.211709970549383,0.3440930655303946,-0.1720465327651973,IGNORE
81,0.39269908169872414,7,low,0.02,0.19342842037940547,0.0036452827333422716,0.014123852320098662,1.247984915369913,0.028247704640197324,-0.014123852320098662,IGNORE
82,0.39269908169872414,7,medium,0.08,1.056239029117581,0.018639141329425207,0.060962548390197296,1.5904473645737136,0.12192509678039459,-0.060962548390197296,IGNORE
83,0.39269908169872414,7,high,0.2,3.28530032685228,0.05744605811686834,0.1705816890151973,2.2136780847855633,0.3411633780303946,-0.1705816890151973,IGNORE
84,0.39269908169872414,8,low,0.02,0.25762074938405777,0.004607990949815108,0.016284814015197296,1.2728987621574754,0.03256962803039459,-0.016284814015197296,IGNORE
85,0.39269908169872414,8,medium,0.08,1.1854147100138257,0.02064277081724119,0.0675543452651973,1.6359658973046463,0.1351086905303946,-0.0675543452651973,IGNORE
86,0.39269908169872414,8,high,0.2,3.3408018067579524,0.058532563499272536,0.1732672358901973,2.2218177696311425,0.3465344717803946,-0.1732672358901973,IGNORE
87,0.39269908169872414,9,low,0.02,0.35067249210413975,0.006133663899701229,0.020435204640197296,1.3078961091171681,0.04087040928039459,-0.020435204640197296,IGNORE
88,0.39269908169872414,9,medium,0.08,1.461504501107182,0.025526858024001065,0.0824469233901973,1.7275562695712132,0.1648938467803946,-0.0824469233901973,IGNORE
89,0.39269908169872414,9,high,0.2,3.636733008106369,0.06216591954351421,0.1796148921401973,2.258660306980555,0.3592297842803946,-0.1796148921401973,IGNORE
90,0.5890486225480862,0,low,0.02,0.28847990968070586,0.005075140614628013,0.01747937146255571,1.3899156233526087,0.03495874292511142,-0.01747937146255571,IGNORE
91,0.5890486225480862,0,medium,0.08,1.2044079479938847,0.020281367321905736,0.06411023083755571,1.7197518961670502,0.12822046167511142,-0.06411023083755571,IGNORE
92,0.5890486225480862,0,high,0.2,3.309052214899088,0.05559824121658922,0.1622547620875557,2.2670558981855677,0.3245095241751114,-0.1622547620875557,IGNORE
93,0.5890486225480862,1,low,0.02,0.3253345112449161,0.005897569043017432,0.02407116833755571,1.4258417701711619,0.04814233667511142,-0.02407116833755571,IGNORE
94,0.5890486225480862,1,medium,0.08,1.4112209908026216,0.023649004039842648,0.07289929333755571,1.7791352357296726,0.14579858667511142,-0.07289929333755571,IGNORE
95,0.5890486225480862,1,high,0.2,3.4135686847130895,0.05778403803223718,0.1700672620875557,2.3027530301751167,0.3401345241751114,-0.1700672620875557,IGNORE
96,0.5890486225480862,2,low,0.02,0.29961067031874344,0.005379905079887811,0.0263671875,1.3825574884751386,0.052734375,-0.0263671875,IGNORE
97,0.5890486225480862,2,medium,0.08,1.2819263381700008,0.021632774653738283,0.06606335583755571,1.7337262671652875,0.13212671167511142,-0.06606335583755571,IGNORE
98,0.5890486225480862,2,high,0.2,3.381291208084726,0.05742670928264004,0.1686024183375557,2.2924729033777367,0.3372048366751114,-0.1686024183375557,IGNORE
99,0.5890486225480862,3,low,0.02,0.2743126591279986,0.004826822494654643,0.01618597479377787,1.3739600653888449,0.03237194958755574,-0.01618597479377787,IGNORE
100,0.5890486225480862,3,medium,0.08,1.2069598605157137,0.020500809347800478,0.06728405896255571,1.7308739941026647,0.13456811792511142,-0.06728405896255571,IGNORE
101,0.5890486225480862,3,high,0.2,3.0329595965293668,0.05161700981294481,0.1554188245875557,2.225039161243058,0.3108376491751114,-0.1554188245875557,IGNORE
102,0.5890486225480862,4,low,0.02,0.34010564101236035,0.0060681218188825,0.02546331854377784,1.4147349008988583,0.05092663708755568,-0.02546331854377784,IGNORE
103,0.5890486225480862,4,medium,0.08,1.4130431018185492,0.02384401599155981,0.07411999646255571,1.7822002273090598,0.14823999292511142,-0.07411999646255571,IGNORE
104,0.5890486225480862,4,high,0.2,3.4830613849119345,0.059122529428346476,0.1734852308375557,2.3184671175857225,0.3469704616751114,-0.1734852308375557,IGNORE
105,0.5890486225480862,5,low,0.02,0.22801318441724822,0.004039514066735938,0.013744568543777869,1.354347316136312,0.027489137087555737,-0.013744568543777869,IGNORE
106,0.5890486225480862,5,medium,0.08,1.1233934483996943,0.019000851696539152,0.06069226208755571,1.6956531557390702,0.12138452417511142,-0.06069226208755571,IGNORE
107,0.5890486225480862,5,high,0.2,3.309888111625501,0.05589739520376742,0.1646961683375557,2.277237438335707,0.3293923366751114,-0.1646961683375557,IGNORE
108,0.5890486225480862,6,low,0.02,0.30348644842827266,0.005333663593070271,0.01848199395622216,1.3784691307121018,0.03696398791244432,-0.01848199395622216,IGNORE
109,0.5890486225480862,6,medium,0.08,1.3129712622842948,0.02188935949920655,0.06411023083755571,1.7298421134655082,0.12822046167511142,-0.06411023083755571,IGNORE
110,0.5890486225480862,6,high,0.2,3.275647910536988,0.05602731042201307,0.1681141370875557,2.2842281941852924,0.3362282741751114,-0.1681141370875557,IGNORE
111,0.5890486225480862,7,low,0.02,0.20739023429307363,0.0037363135111182695,0.013744568543777869,1.3530346463618246,0.027489137087555737,-0.013744568543777869,IGNORE
112,0.5890486225480862,7,medium,0.08,0.9887368008870181,0.01711109277484992,0.05922741833755571,1.6746966772414953,0.11845483667511142,-0.05922741833755571,IGNORE
113,0.5890486225480862,7,high,0.2,3.2772807328917586,0.055839901477860276,0.1668934339625557,2.284514485987782,0.3337868679251114,-0.1668934339625557,IGNORE
114,0.5890486225480862,8,low,0.02,0.257553996339008,0.004555563027634681,0.01577038708755571,1.3765468544829056,0.03154077417511142,-0.01577038708755571,IGNORE
115,0.5890486225480862,8,medium,0.08,1.1885352237700904,0.02019104359655329,0.06581921521255571,1.7256155397713824,0.13163843042511142,-0.06581921521255571,IGNORE
116,0.5890486225480862,8,high,0.2,3.34868597472172,0.056993824213983274,0.1688465589625557,2.290636868544466,0.3376931179251114,-0.1688465589625557,IGNORE
117,0.5890486225480862,9,low,0.02,0.32069745760843177,0.005676356970070069,0.01921441583122216,1.3581485174046923,0.03842883166244432,-0.01921441583122216,IGNORE
118,0.5890486225480862,9,medium,0.08,1.4368248228851006,0.024637002517797796,0.08144421521255571,1.8153957033881736,0.16288843042511142,-0.08144421521255571,IGNORE
119,0.5890486225480862,9,high,0.2,3.6594053890715035,0.06132265053123615,0.1754383558375557,2.3315731419577728,0.3508767116751114,-0.1754383558375557,IGNORE
120,0.7853981633974483,0,low,0.02,0.24253451123873251,0.004359019771407434,0.01744276967211953,1.503246802896835,0.03488553934423906,-0.01744276967211953,IGNORE
121,0.7853981633974483,0,medium,0.08,1.2093451840267693,0.02023592300833406,0.062120504047119524,1.831633590858162,0.12424100809423905,-0.062120504047119524,IGNORE
122,0.7853981633974483,0,high,0.2,3.368597346725387,0.05588008591692007,0.15635878529711952,2.3606960606893956,0.31271757059423905,-0.15635878529711952,IGNORE
123,0.7853981633974483,1,low,0.02,0.344624591886426,0.006049013900915409,0.021416697336059776,1.540626980181771,0.04283339467211955,-0.021416697336059776,IGNORE
124,0.7853981633974483,1,medium,0.08,1.4053221331754142,0.02346518019166062,0.07115370717211952,1.890488785700142,0.14230741434423905,-0.07115370717211952,IGNORE
125,0.7853981633974483,1,high,0.2,3.2741537270843963,0.0552119065903267,0.16368300404711952,2.379284684062303,0.32736600809423905,-0.16368300404711952,IGNORE
126,0.7853981633974483,2,low,0.02,0.2995999185726347,0.005377297129849631,0.026123046875,1.5057071584571053,0.05224609375,-0.026123046875,IGNORE
127,0.7853981633974483,2,medium,0.08,1.281480329807623,0.021522284075308516,0.06382948842211952,1.8450687374632384,0.12765897684423905,-0.06382948842211952,IGNORE
128,0.7853981633974483,2,high,0.2,3.3775390432433223,0.056579131769935356,0.16221816029711952,2.3784031583844807,0.32443632059423905,-0.16221816029711952,IGNORE
129,0.7853981633974483,3,low,0.02,0.2743254432206142,0.0048304765216354755,0.016778025461059776,1.4976130558692948,0.03355605092211955,-0.016778025461059776,IGNORE
130,0.7853981633974483,3,medium,0.08,1.1995623983132708,0.0200188756239043,0.060235056711059776,1.8176278957536414,0.12047011342211955,-0.060235056711059776,IGNORE
131,0.7853981633974483,3,high,0.2,3.0697529735452234,0.05127691141286429,0.14927870717211952,2.312357621746841,0.29855741434423905,-0.14927870717211952,IGNORE
132,0.7853981633974483,4,low,0.02,0.34002972013779587,0.006049688487072853,0.025078806711059755,1.5387122108136126,0.05015761342211951,-0.025078806711059755,IGNORE
133,0.7853981633974483,4,medium,0.08,1.3789757924552348,0.02290275606309987,0.06633857233605978,1.8673934548145625,0.13267714467211955,-0.06633857233605978,IGNORE
134,0.7853981633974483,4,high,0.2,3.515329208298506,0.05921342298501046,0.17100722279711952,2.417759610156189,0.34201444559423905,-0.17100722279711952,IGNORE
135,0.7853981633974483,5,low,0.02,0.23817566753174263,0.004202183840336375,0.013604197336059776,1.4761701123201223,0.02720839467211955,-0.013604197336059776,IGNORE
136,0.7853981633974483,5,medium,0.08,1.2389126530715362,0.020697153998735934,0.06358534779711952,1.8372114578790821,0.12717069559423905,-0.06358534779711952,IGNORE
137,0.7853981633974483,5,high,0.2,3.300978929393355,0.055066655246476956,0.15831191029711952,2.3630780896943495,0.31662382059423905,-0.15831191029711952,IGNORE
138,0.7853981633974483,6,low,0.02,0.2935574532778217,0.005216300661359823,0.02001953125,1.4966877122587408,0.0400390625,-0.02001953125,IGNORE
139,0.7853981633974483,6,medium,0.08,1.252942769800399,0.020915776328012732,0.062188181711059776,1.8306505354928833,0.12437636342211955,-0.062188181711059776,IGNORE
140,0.7853981633974483,6,high,0.2,3.276727980788719,0.05508569541397263,0.16172987904711952,2.3682163307206823,0.32345975809423905,-0.16172987904711952,IGNORE
141,0.7853981633974483,7,low,0.02,0.1633697713986319,0.0029339486474244123,0.01207167592211953,1.4605322433294516,0.02414335184423906,-0.01207167592211953,IGNORE
142,0.7853981633974483,7,medium,0.08,0.9768234582368005,0.016655028720742135,0.056749410297119524,1.7794846569637794,0.11349882059423905,-0.056749410297119524,IGNORE
143,0.7853981633974483,7,high,0.2,3.2792471681603876,0.05505969947327658,0.16148573842211952,2.372206368359883,0.32297147684423905,-0.16148573842211952,IGNORE
144,0.7853981633974483,8,low,0.02,0.25747182229782284,0.004535331360406406,0.01500136342211953,1.498135009607446,0.03000272684423906,-0.01500136342211953,IGNORE
145,0.7853981633974483,8,medium,0.08,1.1875978521893416,0.019967091482889318,0.06334120717211952,1.8334298428691271,0.12668241434423905,-0.06334120717211952,IGNORE
146,0.7853981633974483,8,high,0.2,3.3675966661729646,0.056422943968524396,0.16270644154711952,2.37749806294378,0.32541288309423905,-0.16270644154711952,IGNORE
147,0.7853981633974483,9,low,0.02,0.37164417449010834,0.006565677916468207,0.02672011342211953,1.5655089621988543,0.05344022684423906,-0.02672011342211953,IGNORE
148,0.7853981633974483,9,medium,0.08,1.4191077118129485,0.024064494756099845,0.07945448842211952,1.918944519596566,0.15890897684423905,-0.07945448842211952,IGNORE
149,0.7853981633974483,9,high,0.2,3.6683826898309624,0.060900863369366925,0.16880995717211952,2.4193580472266194,0.33761991434423905,-0.16880995717211952,IGNORE
150,0.9817477042468103,0,low,0.02,0.25827554249814866,0.004605767429846587,0.01845465565569565,1.6372226183483685,0.0369093113113913,-0.01845465565569565,IGNORE
151,0.9817477042468103,0,medium,0.08,1.2304991968159364,0.02050412958924481,0.06020270253069565,1.9568147573595043,0.1204054050613913,-0.06020270253069565,IGNORE
152,0.9817477042468103,0,high,0.2,3.3733254796486354,0.05570959853424936,0.15126715565569565,2.462436251320665,0.3025343113113913,-0.15126715565569565,IGNORE
153,0.9817477042468103,1,low,0.02,0.3394164266828953,0.005971982296733298,0.02236090565569565,1.6727986453514072,0.0447218113113913,-0.02236090565569565,IGNORE
154,0.9817477042468103,1,medium,0.08,1.399582136168251,0.02331806608634839,0.06948004628069565,2.0101868082285406,0.1389600925613913,-0.06948004628069565,IGNORE
155,0.9817477042468103,1,high,0.2,3.271733884989337,0.054618341184452,0.1558057956863913,2.473714859369041,0.3116115913727826,-0.1558057956863913,IGNORE
156,0.9817477042468103,2,low,0.02,0.29962106426593094,0.005382675808316656,0.02587890625,1.640577839668722,0.0517578125,-0.02587890625,IGNORE
157,0.9817477042468103,2,medium,0.08,1.281239150812839,0.021461889385227743,0.06083509256139129,1.9664198552251895,0.12167018512278258,-0.06083509256139129,IGNORE
158,0.9817477042468103,2,high,0.2,3.4609658390824753,0.057486139643929055,0.15859137440569565,2.4821469288563645,0.3171827488113913,-0.15859137440569565,IGNORE
159,0.9817477042468103,3,low,0.02,0.2743226090152638,0.004830126312846277,0.01698981190569565,1.6298388645075979,0.0339796238113913,-0.01698981190569565,IGNORE
160,0.9817477042468103,3,medium,0.08,1.1993949348305664,0.019977723499830333,0.05947028065569565,1.9390868096410308,0.1189405613113913,-0.05947028065569565,IGNORE
161,0.9817477042468103,3,high,0.2,3.1647463870952937,0.05225480029604894,0.14443121815569565,2.418976879247015,0.2888624363113913,-0.14443121815569565,IGNORE
162,0.9817477042468103,4,low,0.02,0.3551333524318047,0.0061723894484888775,0.01845465565569565,1.658494190305745,0.0369093113113913,-0.01845465565569565,IGNORE
163,0.9817477042468103,4,medium,0.08,1.3842588170703447,0.02294472266231451,0.06484137440569565,1.9891575387370461,0.1296827488113913,-0.06484137440569565,IGNORE
164,0.9817477042468103,4,high,0.2,3.4606451377978718,0.05761999050651556,0.16127692128069565,2.5003623877788153,0.3225538425613913,-0.16127692128069565,IGNORE
165,0.9817477042468103,5,low,0.02,0.26981269944231023,0.004740712728078784,0.01772223378069565,1.6335551967532524,0.0354444675613913,-0.01772223378069565,IGNORE
166,0.9817477042468103,5,medium,0.08,1.2276561335724696,0.02046671451031666,0.06191168690569565,1.955907240575491,0.1238233738113913,-0.06191168690569565,IGNORE
167,0.9817477042468103,5,high,0.2,3.2879015392078044,0.05446148912496563,0.14955817128069565,2.457280741864765,0.2991163425613913,-0.14955817128069565,IGNORE
168,0.9817477042468103,6,low,0.02,0.2935503145688021,0.005214705405301256,0.019775390625,1.6273138047208042,0.03955078125,-0.019775390625,IGNORE
169,0.9817477042468103,6,medium,0.08,1.2636140408873384,0.021041894633040535,0.06093512440569565,1.9516701654074204,0.1218702488113913,-0.06093512440569565,IGNORE
170,0.9817477042468103,6,high,0.2,3.200090125296247,0.05346738263629805,0.1528761081863913,2.4549986347114254,0.3057522163727826,-0.1528761081863913,IGNORE
171,0.9817477042468103,7,low,0.02,0.1868848903180244,0.0033365142457577454,0.011374577530695651,1.5998174581335298,0.022749155061391302,-0.011374577530695651,IGNORE
172,0.9817477042468103,7,medium,0.08,1.018260658745125,0.01713694775842592,0.05351087381139129,1.905657671672128,0.10702174762278258,-0.05351087381139129,IGNORE
173,0.9817477042468103,7,high,0.2,3.2657903443053904,0.05437722256655866,0.1536085300613913,2.466924594897228,0.3072170601227826,-0.1536085300613913,IGNORE
174,0.9817477042468103,8,low,0.02,0.25745291143086213,0.004530641470464064,0.014448373811391288,1.6310124304556464,0.028896747622782576,-0.014448373811391288,IGNORE
175,0.9817477042468103,8,medium,0.08,1.1871468159020013,0.019855674912483755,0.06010267068639129,1.9519166255846812,0.12020534137278258,-0.06010267068639129,IGNORE
176,0.9817477042468103,8,high,0.2,3.30882254760471,0.05507889176120731,0.15492926503069565,2.4687548540333597,0.3098585300613913,-0.15492926503069565,IGNORE
177,0.9817477042468103,9,low,0.02,0.3664420182619811,0.0064523185991771405,0.026899545686391288,1.6943604780737425,0.053799091372782576,-0.026899545686391288,IGNORE
178,0.9817477042468103,9,medium,0.08,1.4236591147130162,0.023907217185678748,0.07070074940569565,1.9792144447488527,0.1414014988113913,-0.07070074940569565,IGNORE
179,0.9817477042468103,9,high,0.2,3.6958185359705653,0.06106381809492085,0.16469489003069565,2.521052850932338,0.3293897800613913,-0.16469489003069565,IGNORE
180,1.1780972450961724,0,low,0.02,0.25844308128600835,0.004647640931721084,0.020525140626829086,1.7713311048114826,0.04105028125365817,-0.020525140626829086,IGNORE
181,1.1780972450961724,0,medium,0.08,1.209201043933092,0.0202007743390177,0.061296625001829086,2.0765192234265446,0.12259325000365817,-0.061296625001829086,IGNORE
182,1.1780972450961724,0,high,0.2,3.3331719493253416,0.05494385229978101,0.149169921875,2.562750314692847,0.29833984375,-0.149169921875,IGNORE
183,1.1780972450961724,1,low,0.02,0.30413406786344915,0.0054475196088995745,0.022443609373170914,1.7541376861536608,0.04488721874634183,-0.022443609373170914,IGNORE
184,1.1780972450961724,1,medium,0.08,1.2574568078682309,0.020934788425420722,0.058837890625,2.0649450698030876,0.11767578125,-0.058837890625,IGNORE
185,1.1780972450961724,1,high,0.2,3.2645820656544906,0.05415977013815426,0.14772240625182909,2.5707214618979384,0.29544481250365817,-0.14772240625182909,IGNORE
186,1.1780972450961724,2,low,0.02,0.2996213195586099,0.005382760740573162,0.025617437498170914,1.7762678414522353,0.05123487499634183,-0.025617437498170914,IGNORE
187,1.1780972450961724,2,medium,0.08,1.2811248047629293,0.021432917361748717,0.059814453125,2.090638693258779,0.11962890625,-0.059814453125,IGNORE
188,1.1780972450961724,2,high,0.2,3.3289525432697653,0.05522745277503184,0.14892578125,2.5710605477072583,0.2978515625,-0.14892578125,IGNORE
189,1.1780972450961724,3,low,0.02,0.2743397716022586,0.0048345256851896785,0.017595453126829086,1.7656093856194084,0.03519090625365817,-0.017595453126829086,IGNORE
190,1.1780972450961724,3,medium,0.08,1.1883091542697577,0.01978775206086414,0.058122796876829086,2.0619646408253005,0.11624559375365817,-0.058122796876829086,IGNORE
191,1.1780972450961724,3,high,0.2,3.1870568354783355,0.052462578781272876,0.142822265625,2.5255510322320944,0.28564453125,-0.142822265625,IGNORE
192,1.1780972450961724,4,low,0.02,0.3348313948981654,0.005958738495728118,0.023943109376829086,1.8060169188961948,0.04788621875365817,-0.023943109376829086,IGNORE
193,1.1780972450961724,4,medium,0.08,1.3896554906583787,0.023015121773036627,0.064697265625,2.1144355651818056,0.12939453125,-0.064697265625,IGNORE
194,1.1780972450961724,4,high,0.2,3.5847921511000087,0.059198374544223546,0.159912109375,2.6139184046869475,0.31982421875,-0.159912109375,IGNORE
195,1.1780972450961724,5,low,0.02,0.26978204582536325,0.00473334378536494,0.017839593751829086,1.7674181183610265,0.03567918750365817,-0.017839593751829086,IGNORE
196,1.1780972450961724,5,medium,0.08,1.22201174317332,0.020331263055853067,0.060320062501829086,2.07747256507861,0.12064012500365817,-0.060320062501829086,IGNORE
197,1.1780972450961724,5,high,0.2,3.2812590311312957,0.054134633993706584,0.14697265625,2.556884451144228,0.2939453125,-0.14697265625,IGNORE
198,1.1780972450961724,6,low,0.02,0.3091372169753649,0.005477097255514216,0.02001953125,1.7656655282894622,0.0400390625,-0.02001953125,IGNORE
199,1.1780972450961724,6,medium,0.08,1.2743889354015043,0.02119503494007181,0.0595703125,2.076368443691462,0.119140625,-0.0595703125,IGNORE
200,1.1780972450961724,6,high,0.2,3.263298998633651,0.0540879254766002,0.14821068750182909,2.5643110644631038,0.29642137500365817,-0.14821068750182909,IGNORE
201,1.1780972450961724,7,low,0.02,0.1868706282225578,0.0033329865145880636,0.011003656251829086,1.7344641482299792,0.022007312503658172,-0.011003656251829086,IGNORE
202,1.1780972450961724,7,medium,0.08,1.0179709470676233,0.01706426396484475,0.04935106250365817,2.0271415262795616,0.09870212500731634,-0.04935106250365817,IGNORE
203,1.1780972450961724,7,high,0.2,3.2646126794383927,0.05407588984383004,0.146240234375,2.5671824993152326,0.29248046875,-0.146240234375,IGNORE
204,1.1780972450961724,8,low,0.02,0.25743063632758845,0.00452508125359553,0.013689203126829086,1.7652196956371118,0.027378406253658172,-0.013689203126829086,IGNORE
205,1.1780972450961724,8,medium,0.08,1.186908531944682,0.01979577588424641,0.05618700000365817,2.073887234355227,0.11237400000731634,-0.05618700000365817,IGNORE
206,1.1780972450961724,8,high,0.2,3.404523717878516,0.05628608369236281,0.15382592187682909,2.5781705136543414,0.30765184375365817,-0.15382592187682909,IGNORE
207,1.1780972450961724,9,low,0.02,0.3404402010116716,0.006020573484781964,0.024919671876829086,1.8090989241842657,0.04983934375365817,-0.024919671876829086,IGNORE
208,1.1780972450961724,9,medium,0.08,1.3848623532375228,0.023135518876136407,0.07057396875182909,2.136970236467576,0.14114793750365817,-0.07057396875182909,IGNORE
209,1.1780972450961724,9,high,0.2,3.7124420993645595,0.06118988900365821,0.165283203125,2.6254900232543097,0.33056640625,-0.165283203125,IGNORE
210,1.3744467859455345,0,low,0.02,0.23722944279935304,0.004220360294756975,0.01617716264102015,1.8924752234299258,0.0323543252820403,-0.01617716264102015,IGNORE
211,1.3744467859455345,0,medium,0.08,1.1320902892228997,0.018910569323271592,0.05426310014102015,2.1802242954597357,0.1085262002820403,-0.05426310014102015,IGNORE
212,1.3744467859455345,0,high,0.2,3.3213213547580662,0.05465223886745589,0.148681640625,2.660417634841785,0.29736328125,-0.148681640625,IGNORE
213,1.3744467859455345,1,low,0.02,0.30413869493170104,0.005448002751961868,0.023861899858979865,1.8866185409705833,0.04772379971795973,-0.023861899858979865,IGNORE
214,1.3744467859455345,1,medium,0.08,1.2685447938874919,0.021135788280921688,0.059326171875000014,2.1881329656469477,0.11865234375000003,-0.059326171875000014,IGNORE
215,1.3744467859455345,1,high,0.2,3.150695020095892,0.052203489863848956,0.14166544389102015,2.648687650511376,0.2833308877820403,-0.14166544389102015,IGNORE
216,1.3744467859455345,2,low,0.02,0.29962172278334304,0.005382944765589196,0.025082602983979865,1.9060565407089094,0.05016520596795973,-0.025082602983979865,IGNORE
217,1.3744467859455345,2,medium,0.08,1.2864361679401681,0.02150759445777261,0.060058593750000014,2.2106493049629448,0.12011718750000003,-0.060058593750000014,IGNORE
218,1.3744467859455345,2,high,0.2,3.0715352891973176,0.05080843456006313,0.137939453125,2.6295579093303263,0.27587890625,-0.137939453125,IGNORE
219,1.3744467859455345,3,low,0.02,0.2590355100133902,0.0045685314568328535,0.019170731532040283,1.902987213784464,0.038341463064080566,-0.019170731532040283,IGNORE
220,1.3744467859455345,3,medium,0.08,1.1668545483593467,0.01946533729396245,0.05646036576602015,2.189963766209442,0.1129207315320403,-0.05646036576602015,IGNORE
221,1.3744467859455345,3,high,0.2,3.101123462087108,0.051090181106604085,0.13916015625,2.6150460085495126,0.2783203125,-0.13916015625,IGNORE
222,1.3744467859455345,4,low,0.02,0.3348146074730292,0.005954671811789766,0.023013100141020135,1.9333293795255493,0.04602620028204027,-0.023013100141020135,IGNORE
223,1.3744467859455345,4,medium,0.08,1.3951927580442067,0.02309260601981393,0.06494140625000001,2.233844007410231,0.12988281250000003,-0.06494140625000001,IGNORE
224,1.3744467859455345,4,high,0.2,3.49884050441283,0.05774971140242361,0.15625,2.700924670248107,0.3125,-0.15625,IGNORE
225,1.3744467859455345,5,low,0.02,0.2697676965159932,0.004729927041433633,0.01788614701602015,1.894484898044622,0.0357722940320403,-0.01788614701602015,IGNORE
226,1.3744467859455345,5,medium,0.08,1.216358862009358,0.020214305204465047,0.05841349076602015,2.1926292908271887,0.1168269815320403,-0.05841349076602015,IGNORE
227,1.3744467859455345,5,high,0.2,3.2807226295426535,0.053992897392032585,0.14697265625,2.6540732670816363,0.2939453125,-0.14697265625,IGNORE
228,1.3744467859455345,6,low,0.02,0.3141692997198504,0.0055646193899909395,0.020688071733979865,1.8975096821244264,0.04137614346795973,-0.020688071733979865,IGNORE
229,1.3744467859455345,6,medium,0.08,1.2799216206631532,0.0212798091146346,0.059814453125000014,2.1962066195662584,0.11962890625000003,-0.059814453125000014,IGNORE
230,1.3744467859455345,6,high,0.2,3.2565496026706513,0.05374109010496564,0.145751953125,2.657271565760047,0.29150390625,-0.145751953125,IGNORE
231,1.3744467859455345,7,low,0.02,0.1868601878528967,0.003330380955366112,0.0107421875,1.8624022079136795,0.021484375,-0.0107421875,IGNORE
232,1.3744467859455345,7,medium,0.08,1.0178324790540012,0.01702920859543032,0.048095703125000014,2.14462618326884,0.09619140625000003,-0.048095703125000014,IGNORE
233,1.3744467859455345,7,high,0.2,3.2695687313984294,0.05396027529572101,0.146484375,2.6636216338401364,0.29296875,-0.146484375,IGNORE
234,1.3744467859455345,8,low,0.02,0.2574253759205775,0.004523763953940723,0.013491615766020149,1.8930559539663547,0.026983231532040297,-0.013491615766020149,IGNORE
235,1.3744467859455345,8,medium,0.08,1.1813670895458277,0.01967517319468081,0.055419921875000014,2.1893451485706894,0.11083984375000003,-0.055419921875000014,IGNORE
236,1.3744467859455345,8,high,0.2,3.421076461779099,0.05640303804414247,0.15283203125,2.6775931279057086,0.3056640625,-0.15283203125,IGNORE
237,1.3744467859455345,9,low,0.02,0.34037292620230897,0.006004459206598134,0.02521036576602015,1.9338338707447895,0.0504207315320403,-0.02521036576602015,IGNORE
238,1.3744467859455345,9,medium,0.08,1.38462600966493,0.023076584868187963,0.06891153764102015,2.250422991157495,0.1378230752820403,-0.06891153764102015,IGNORE
239,1.3744467859455345,9,high,0.2,3.7350517689278346,0.061485743221432715,0.166259765625,2.7275489425507846,0.33251953125,-0.166259765625,IGNORE
240,1.5707963267948966,0,low,0.02,0.2372062993949881,0.004214676668729958,0.015771484375000033,2.000878267402176,0.03154296875000007,-0.015771484375000033,IGNORE
241,1.5707963267948966,0,medium,0.08,1.1265979377263324,0.01879442367086996,0.052978515625,2.2790086899440896,0.10595703125,-0.052978515625,IGNORE
242,1.5707963267948966,0,high,0.2,3.2696446994112254,0.053673198693249255,0.146484375,2.724714608631232,0.29296875,-0.146484375,IGNORE
243,1.5707963267948966,1,low,0.02,0.3041723635227658,0.005455987743651529,0.025244140624999967,2.003297300264989,0.05048828124999993,-0.025244140624999967,IGNORE
244,1.5707963267948966,1,medium,0.08,1.2849771296967714,0.021426208733525378,0.06005859375,2.2990470989378853,0.1201171875,-0.06005859375,IGNORE
245,1.5707963267948966,1,high,0.2,3.1269994768027103,0.05158351034001755,0.140380859375,2.723306313009984,0.28076171875,-0.140380859375,IGNORE
246,1.5707963267948966,2,low,0.02,0.29963602596105676,0.005386629792710339,0.024755859374999967,2.0174902416297975,0.04951171874999993,-0.024755859374999967,IGNORE
247,1.5707963267948966,2,medium,0.08,1.2863886890806602,0.02149538839624215,0.06005859375,2.313126174300807,0.1201171875,-0.06005859375,IGNORE
248,1.5707963267948966,2,high,0.2,3.45473376689825,0.05719259790504678,0.154296875,2.7874276854516715,0.30859375,-0.154296875,IGNORE
249,1.5707963267948966,3,low,0.02,0.2589946880623838,0.004558406174788696,0.018115234375000067,2.0101768287677766,0.03623046875000013,-0.018115234375000067,IGNORE
250,1.5707963267948966,3,medium,0.08,1.1558501500836027,0.019255288099668033,0.05419921875,2.286603236610966,0.1083984375,-0.05419921875,IGNORE
251,1.5707963267948966,3,high,0.2,3.1329382015567835,0.05165602309693772,0.140380859375,2.711754187760675,0.28076171875,-0.140380859375,IGNORE
252,1.5707963267948966,4,low,0.02,0.36027089366526754,0.006258638537545237,0.018164062499999967,2.0369900854862575,0.03632812499999993,-0.018164062499999967,IGNORE
253,1.5707963267948966,4,medium,0.08,1.4006577084596143,0.023177373722249955,0.065185546875,2.3383165322850736,0.13037109375,-0.065185546875,IGNORE
254,1.5707963267948966,4,high,0.2,3.3405100937835472,0.055049559110334954,0.1494140625,2.7530313387274132,0.298828125,-0.1494140625,IGNORE
255,1.5707963267948966,5,low,0.02,0.2697687841249451,0.004730310044104705,0.017968750000000033,2.004703344714723,0.03593750000000007,-0.017968750000000033,IGNORE
256,1.5707963267948966,5,medium,0.08,1.2108281585001206,0.020112949896856157,0.056640625,2.2931518333619287,0.11328125,-0.056640625,IGNORE
257,1.5707963267948966,5,high,0.2,3.332354411874453,0.05487640446453243,0.149169921875,2.756927236446966,0.29833984375,-0.149169921875,IGNORE
258,1.5707963267948966,6,low,0.02,0.30362283062260104,0.005344851250912791,0.018408203124999967,2.007074465152266,0.03681640624999993,-0.018408203124999967,IGNORE
259,1.5707963267948966,6,medium,0.08,1.2746559099889243,0.02114695415180142,0.0595703125,2.2978985075250504,0.119140625,-0.0595703125,IGNORE
260,1.5707963267948966,6,high,0.2,3.134903470193487,0.05148612217786261,0.140625,2.7093282773267453,0.28125,-0.140625,IGNORE
261,1.5707963267948966,7,low,0.02,0.18686933916945792,0.0033326839628906703,0.01123046875,1.9739060135534925,0.0224609375,-0.01123046875,IGNORE
262,1.5707963267948966,7,medium,0.08,1.0122937463181594,0.016919532891466006,0.0478515625,2.2452144406294856,0.095703125,-0.0478515625,IGNORE
263,1.5707963267948966,7,high,0.2,3.1886373461053723,0.05239375225652511,0.14306640625,2.720059263070273,0.2861328125,-0.14306640625,IGNORE
264,1.5707963267948966,8,low,0.02,0.2574167805957313,0.004521608312799946,0.012939453125,2.0035001985526875,0.02587890625,-0.012939453125,IGNORE
265,1.5707963267948966,8,medium,0.08,1.1703221496533138,0.01947400813757046,0.054931640625,2.2875447330788514,0.10986328125,-0.054931640625,IGNORE
266,1.5707963267948966,8,high,0.2,3.455294441055235,0.05689718421653697,0.154296875,2.7705032785398562,0.30859375,-0.154296875,IGNORE
267,1.5707963267948966,9,low,0.02,0.34032004175120756,0.005991666483784066,0.025292968750000033,2.0411560440451466,0.05058593750000007,-0.025292968750000033,IGNORE
268,1.5707963267948966,9,medium,0.08,1.3788746688518003,0.022938979390387946,0.06630859375000003,2.346021085892941,0.13261718750000007,-0.06630859375000003,IGNORE
269,1.5707963267948966,9,high,0.2,3.740788451745702,0.06153966818020369,0.16650390625,2.816000920445939,0.3330078125,-0.16650390625,IGNORE
270,1.7671458676442586,0,low,0.02,0.2371641344790968,0.0042042844788242155,0.013040145848210033,2.0707146462255412,0.026080291696420066,-0.013040145848210033,IGNORE
271,1.7671458676442586,0,medium,0.08,1.1155657880035157,0.018572210371117708,0.05249023437500003,2.340600110719692,0.10498046875000006,-0.05249023437500003,IGNORE
272,1.7671458676442586,0,high,0.2,3.343704704039894,0.0549540292169075,0.14965820312500003,2.806225959598673,0.29931640625000006,-0.14965820312500003,IGNORE
273,1.7671458676442586,1,low,0.02,0.31979625798948463,0.005733171566563893,0.026409942678579962,2.115024763523908,0.052819885357159924,-0.026409942678579962,IGNORE
274,1.7671458676442586,1,medium,0.08,1.334584504225592,0.02231052323349531,0.06386415102679,2.409626949782832,0.12772830205358,-0.06386415102679,IGNORE
275,1.7671458676442586,1,high,0.2,3.1038910688859973,0.05109015543833882,0.13940429687500003,2.777708156557253,0.27880859375000006,-0.13940429687500003,IGNORE
276,1.7671458676442586,2,low,0.02,0.30478966977084576,0.0054770790087839555,0.025433380178579962,2.108571614454347,0.050866760357159924,-0.025433380178579962,IGNORE
277,1.7671458676442586,2,medium,0.08,1.3138216842614105,0.021949756013493107,0.06127929687500003,2.4021636684073133,0.12255859375000006,-0.06127929687500003,IGNORE
278,1.7671458676442586,2,high,0.2,2.9952641346579387,0.04918184229234204,0.13476562500000003,2.7491664072918383,0.26953125000000006,-0.13476562500000003,IGNORE
279,1.7671458676442586,3,low,0.02,0.2743405228000848,0.004834614943887053,0.019918838526789995,2.0891293179725072,0.03983767705357999,-0.019918838526789995,IGNORE
280,1.7671458676442586,3,medium,0.08,1.133676067654966,0.01884379001674798,0.05322265625000003,2.3444862384491785,0.10644531250000006,-0.05322265625000003,IGNORE
281,1.7671458676442586,3,high,0.2,3.194310722665123,0.05254812988429116,0.14306640625000003,2.7834765852958725,0.28613281250000006,-0.14306640625000003,IGNORE
282,1.7671458676442586,4,low,0.02,0.3655372302014771,0.006337394350469141,0.020651260401789995,2.1253826494242687,0.04130252080357999,-0.020651260401789995,IGNORE
283,1.7671458676442586,4,medium,0.08,1.4172084226702037,0.02345043361865986,0.06591796875000003,2.4225024862819033,0.13183593750000006,-0.06591796875000003,IGNORE
284,1.7671458676442586,4,high,0.2,3.5551260026775306,0.05847024953374859,0.15869140625000003,2.851263948141594,0.31738281250000006,-0.15869140625000003,IGNORE
285,1.7671458676442586,5,low,0.02,0.26974811083879013,0.004725277874853351,0.016989151026789995,2.083892603437336,0.03397830205357999,-0.016989151026789995,IGNORE
286,1.7671458676442586,5,medium,0.08,1.2051874960254285,0.02000926048379504,0.05639648437500003,2.3646362083134465,0.11279296875000006,-0.05639648437500003,IGNORE
287,1.7671458676442586,5,high,0.2,3.3320503140706244,0.054794969792118245,0.14916992187500003,2.816829734453208,0.29833984375000006,-0.14916992187500003,IGNORE
288,1.7671458676442586,6,low,0.02,0.3036784682369097,0.0053587241274635445,0.019430557276789995,2.105875756875176,0.03886111455357999,-0.019430557276789995,IGNORE
289,1.7671458676442586,6,medium,0.08,1.3076787794779996,0.02172905757458362,0.06103515625000003,2.3972531832790507,0.12207031250000006,-0.06103515625000003,IGNORE
290,1.7671458676442586,6,high,0.2,3.1866699926833366,0.05227616519336199,0.14282226562500003,2.779612454129304,0.28564453125000006,-0.14282226562500003,IGNORE
291,1.7671458676442586,7,low,0.02,0.1869205144151434,0.003345446947755018,0.013571182276789995,2.05992641237573,0.02714236455357999,-0.013571182276789995,IGNORE
292,1.7671458676442586,7,medium,0.08,1.0232627340532499,0.017114481368342996,0.04833984375000003,2.326562251063037,0.09667968750000006,-0.04833984375000003,IGNORE
293,1.7671458676442586,7,high,0.2,3.13296072080262,0.051519606376508265,0.14062500000000003,2.774381531650353,0.28125000000000006,-0.14062500000000003,IGNORE
294,1.7671458676442586,8,low,0.02,0.26760011372251724,0.0046988912438892545,0.015036026026789995,2.0906536044469384,0.03007205205357999,-0.015036026026789995,IGNORE
295,1.7671458676442586,8,medium,0.08,1.1812121242613507,0.0196559800395564,0.05541992187500003,2.3662658635847196,0.11083984375000006,-0.05541992187500003,IGNORE
296,1.7671458676442586,8,high,0.2,3.460792631123863,0.05691818899508179,0.15454101562500003,2.832831025178575,0.30908203125000006,-0.15454101562500003,IGNORE
297,1.7671458676442586,9,low,0.02,0.3402467519357677,0.005974529462262377,0.021240234375,2.110200910106638,0.04248046875,-0.021240234375,IGNORE
298,1.7671458676442586,9,medium,0.08,1.3622647658190106,0.022594989807727093,0.06347656250000003,2.4046426951829662,0.12695312500000006,-0.06347656250000003,IGNORE
299,1.7671458676442586,9,high,0.2,3.746514096438987,0.06160987515928154,0.16674804687500003,2.8804618507955584,0.33349609375000006,-0.16674804687500003,IGNORE
300,1.9634954084936207,0,low,0.02,0.23717622684175726,0.0042072705056661105,0.013931378477078121,2.110018832046424,0.027862756954156243,-0.013931378477078121,IGNORE
301,1.9634954084936207,0,medium,0.08,1.1156357606810956,0.018590170577828066,0.05249023437499997,2.3771785796873335,0.10498046874999994,-0.05249023437499997,IGNORE
302,1.9634954084936207,0,high,0.2,3.355363585009478,0.0552129378132027,0.15014648437499997,2.843174374724277,0.30029296874999994,-0.15014648437499997,IGNORE
303,1.9634954084936207,1,low,0.02,0.31974583341217305,0.005721151434850899,0.02561940277292185,2.1402094869613157,0.0512388055458437,-0.02561940277292185,IGNORE
304,1.9634954084936207,1,medium,0.08,1.3234496970039136,0.022091750584427642,0.06176757812499997,2.4300158898305995,0.12353515624999994,-0.06176757812499997,IGNORE
305,1.9634954084936207,1,high,0.2,3.103563280052119,0.05100277553669143,0.13940429687499997,2.8008969790464917,0.27880859374999994,-0.13940429687499997,IGNORE
306,1.9634954084936207,2,low,0.02,0.34408270831425725,0.005980503320666083,0.01808176910207812,2.1501728615809106,0.03616353820415624,-0.01808176910207812,IGNORE
307,1.9634954084936207,2,medium,0.08,1.3557797572082033,0.02245677693221087,0.06323242187499997,2.4376841893496612,0.12646484374999994,-0.06323242187499997,IGNORE
308,1.9634954084936207,2,high,0.2,3.069902339387399,0.050473381699720626,0.13793945312499997,2.7930887817875867,0.27587890624999994,-0.13793945312499997,IGNORE
309,1.9634954084936207,3,low,0.02,0.2743352850609074,0.0048333735752988695,0.02000416839792185,2.1218152924933786,0.0400083367958437,-0.02000416839792185,IGNORE
310,1.9634954084936207,3,medium,0.08,1.1719229531224138,0.01950002967664756,0.05493164062499997,2.3890745315767044,0.10986328124999994,-0.05493164062499997,IGNORE
311,1.9634954084936207,3,high,0.2,3.1242328670582644,0.05144938330954903,0.14013671874999997,2.7987438136788994,0.28027343749999994,-0.14013671874999997,IGNORE
312,1.9634954084936207,4,low,0.02,0.36552996350348943,0.006335604096215183,0.02000416839792185,2.156768243379563,0.0400083367958437,-0.02000416839792185,IGNORE
313,1.9634954084936207,4,medium,0.08,1.4171572821351464,0.023437275716279227,0.06591796874999997,2.4513865659330123,0.13183593749999994,-0.06591796874999997,IGNORE
314,1.9634954084936207,4,high,0.2,3.560865009801101,0.05856144688956569,0.15893554687499997,2.8802263896308897,0.31787109374999994,-0.15893554687499997,IGNORE
315,1.9634954084936207,5,low,0.02,0.26458025784310013,0.0046417199920237625,0.01658619964792185,2.117127409264527,0.0331723992958437,-0.01658619964792185,IGNORE
316,1.9634954084936207,5,medium,0.08,1.2051710530135549,0.020005197952216943,0.05639648437499997,2.396397937567369,0.11279296874999994,-0.05639648437499997,IGNORE
317,1.9634954084936207,5,high,0.2,3.3203963187729753,0.054558027137349065,0.14868164062499997,2.8392675434854926,0.29736328124999994,-0.14868164062499997,IGNORE
318,1.9634954084936207,6,low,0.02,0.30366158496775963,0.005354637543666738,0.01853932464792185,2.1352288177147196,0.0370786492958437,-0.01853932464792185,IGNORE
319,1.9634954084936207,6,medium,0.08,1.3076010213932143,0.021709153417899602,0.06103515624999997,2.4246809555636366,0.12207031249999994,-0.06103515624999997,IGNORE
320,1.9634954084936207,6,high,0.2,3.186743856181656,0.05229607212514536,0.14282226562499997,2.809586499868056,0.28564453124999994,-0.14282226562499997,IGNORE
321,1.9634954084936207,7,low,0.02,0.18188469722308762,0.0032569362771966313,0.013168230897921851,2.088962341091498,0.026336461795843702,-0.013168230897921851,IGNORE
322,1.9634954084936207,7,medium,0.08,1.0231548620522832,0.01708692804607627,0.04833984374999997,2.3543694900633403,0.09667968749999994,-0.04833984374999997,IGNORE
323,1.9634954084936207,7,high,0.2,3.132977530788509,0.05152433248496735,0.14062499999999997,2.8040682434009847,0.28124999999999994,-0.14062499999999997,IGNORE
324,1.9634954084936207,8,low,0.02,0.2675841248517944,0.0046948886573263075,0.014144793397921851,2.1223905304584454,0.028289586795843702,-0.014144793397921851,IGNORE
325,1.9634954084936207,8,medium,0.08,1.1811181198423948,0.019631869959542622,0.05541992187499997,2.3944836912009633,0.11083984374999994,-0.05541992187499997,IGNORE
326,1.9634954084936207,8,high,0.2,3.4663234594816146,0.056974353278491756,0.15478515624999997,2.8596843341734575,0.30957031249999994,-0.15478515624999997,IGNORE
327,1.9634954084936207,9,low,0.02,0.3402482408634814,0.005974863921100386,0.021728515625,2.1464969855835294,0.04345703125,-0.021728515625,IGNORE
328,1.9634954084936207,9,medium,0.08,1.3622721939790434,0.022596978737287464,0.06347656249999997,2.4376838840655455,0.12695312499999994,-0.06347656249999997,IGNORE
329,1.9634954084936207,9,high,0.2,3.758073094952639,0.0617960966708132,0.16723632812499997,2.9100063782627608,0.33447265624999994,-0.16723632812499997,IGNORE
330,2.1598449493429825,0,low,0.02,0.23721058181257876,0.004215842314035807,0.015781674805530915,2.0870556958262267,0.03156334961106183,-0.015781674805530915,IGNORE
331,2.1598449493429825,0,medium,0.08,1.1211934588378927,0.018704791210254788,0.05273437500000003,2.3576299053677365,0.10546875000000006,-0.05273437500000003,IGNORE
332,2.1598449493429825,0,high,0.2,3.355764718165436,0.055320679248391534,0.15014648437500003,2.8299247021741074,0.30029296875000006,-0.15014648437500003,IGNORE
333,2.1598449493429825,1,low,0.02,0.3196948373697246,0.005708901544056343,0.024457795409734556,2.1025608880337994,0.04891559081946911,-0.024457795409734556,IGNORE
334,2.1598449493429825,1,medium,0.08,1.3233065717916501,0.022055284650424577,0.06176757812500003,2.3950185617685245,0.12353515625000006,-0.06176757812500003,IGNORE
335,2.1598449493429825,1,high,0.2,3.0977793309511767,0.05088049407969622,0.13916015625000003,2.7751108412413674,0.27832031250000006,-0.13916015625000003,IGNORE
336,2.1598449493429825,2,low,0.02,0.34409386383733065,0.00598328349686845,0.01899923584026547,2.1244705770833603,0.03799847168053094,-0.01899923584026547,IGNORE
337,2.1598449493429825,2,medium,0.08,1.355837925429173,0.022471712163276036,0.06323242187500003,2.414646764136884,0.12646484375000006,-0.06323242187500003,IGNORE
338,2.1598449493429825,2,high,0.2,3.0816544285110257,0.050760544363091104,0.13842773437500003,2.779305038118028,0.27685546875000006,-0.13842773437500003,IGNORE
339,2.1598449493429825,3,low,0.02,0.274316014389617,0.004828610258463314,0.019574982909734556,2.0913967142181713,0.03914996581946911,-0.019574982909734556,IGNORE
340,2.1598449493429825,3,medium,0.08,1.1718937348889398,0.019492710491706377,0.05493164062500003,2.361259673293514,0.10986328125000006,-0.05493164062500003,IGNORE
341,2.1598449493429825,3,high,0.2,3.00340507575235,0.04927007090807296,0.13500976562500003,2.753311160695425,0.27001953125000006,-0.13500976562500003,IGNORE
342,2.1598449493429825,4,low,0.02,0.36551697146749657,0.006332356653043268,0.019086701659734556,2.124940228569517,0.03817340331946911,-0.019086701659734556,IGNORE
343,2.1598449493429825,4,medium,0.08,1.4171149687108469,0.02342635804950841,0.06591796875000003,2.4220622732917634,0.13183593750000006,-0.06591796875000003,IGNORE
344,2.1598449493429825,4,high,0.2,3.6385025232195574,0.059916883572290414,0.16210937500000003,2.8689787899905315,0.32421875000000006,-0.16210937500000003,IGNORE
345,2.1598449493429825,5,low,0.02,0.26458117746812165,0.0046419601902006145,0.016401154784734556,2.089395713691569,0.03280230956946911,-0.016401154784734556,IGNORE
346,2.1598449493429825,5,medium,0.08,1.2051719821966795,0.02000553297079753,0.05639648437500003,2.3702408554513372,0.11279296875000006,-0.05639648437500003,IGNORE
347,2.1598449493429825,5,high,0.2,3.303169783177573,0.054258918964007585,0.14794921875000003,2.8121746375224386,0.29589843750000006,-0.14794921875000003,IGNORE
348,2.1598449493429825,6,low,0.02,0.30363823225223335,0.005348869622762572,0.017133576659734556,2.1025145387901585,0.03426715331946911,-0.017133576659734556,IGNORE
349,2.1598449493429825,6,medium,0.08,1.3020460536325407,0.02160117187213292,0.06079101562500003,2.3936002029291887,0.12158203125000006,-0.06079101562500003,IGNORE
350,2.1598449493429825,6,high,0.2,3.187066594462285,0.052382735859485566,0.14282226562500003,2.792346111902712,0.28564453125000006,-0.14282226562500003,IGNORE
351,2.1598449493429825,7,low,0.02,0.18185504016214077,0.0032495218917101823,0.012250764159734556,2.0569572871075597,0.024501528319469112,-0.012250764159734556,IGNORE
352,2.1598449493429825,7,medium,0.08,1.0230736626070538,0.01706613494803787,0.04833984375000003,2.3240702013368804,0.09667968750000006,-0.04833984375000003,IGNORE
353,2.1598449493429825,7,high,0.2,3.2117873553232665,0.05285565465854559,0.14404296875000003,2.802222562999186,0.28808593750000006,-0.14404296875000003,IGNORE
354,2.1598449493429825,8,low,0.02,0.2675619784194594,0.004689321819440142,0.013427734375000028,2.0912612628228286,0.026855468750000056,-0.013427734375000028,IGNORE
355,2.1598449493429825,8,medium,0.08,1.181065652619602,0.01961837698297058,0.05541992187500003,2.364501278742903,0.11083984375000006,-0.05541992187500003,IGNORE
356,2.1598449493429825,8,high,0.2,3.4663000312298684,0.05696816076401278,0.15478515625000003,2.836884418665323,0.30957031250000006,-0.15478515625000003,IGNORE
357,2.1598449493429825,9,low,0.02,0.3402340985445572,0.0059712337592437185,0.021728515625,2.120159575734765,0.04345703125,-0.021728515625,IGNORE
358,2.1598449493429825,9,medium,0.08,1.3678343948250329,0.022701219937852016,0.06372070312500003,2.4143847151698266,0.12744140625000006,-0.06372070312500003,IGNORE
359,2.1598449493429825,9,high,0.2,3.7581475415136163,0.06181635801550302,0.16723632812500003,2.8894106582779724,0.33447265625000006,-0.16723632812500003,IGNORE
360,2.356194490192345,0,low,0.02,0.23726029405439367,0.004228205536029666,0.01782490282429336,1.9878994976669935,0.03564980564858672,-0.01782490282429336,IGNORE
361,2.356194490192345,0,medium,0.08,1.1213508186237404,0.018744843101098627,0.05273437500000003,2.2658431538757418,0.10546875000000006,-0.05273437500000003,IGNORE
362,2.356194490192345,0,high,0.2,3.3622354382164614,0.05561139216153983,0.15039062500000003,2.7587934990702285,0.30078125000000006,-0.15039062500000003,IGNORE
363,2.356194490192345,1,low,0.02,0.3145153238849764,0.005612654045190809,0.022581689212853334,1.986999232702122,0.04516337842570667,-0.022581689212853334,IGNORE
364,2.356194490192345,1,medium,0.08,1.3176047144566647,0.02192951354245498,0.06152343750000003,2.2890554381872033,0.12304687500000006,-0.06152343750000003,IGNORE
365,2.356194490192345,1,high,0.2,3.092327429010441,0.05082651722169291,0.13891601562500003,2.691056312566114,0.27783203125000006,-0.13891601562500003,IGNORE
366,2.356194490192345,2,low,0.02,0.3440996759728475,0.0059847168056897295,0.019410498287146694,2.0224607946263786,0.03882099657429339,-0.019410498287146694,IGNORE
367,2.356194490192345,2,medium,0.08,1.355904396271851,0.022488724191887317,0.06323242187500003,2.320990470628009,0.12646484375000006,-0.06323242187500003,IGNORE
368,2.356194490192345,2,high,0.2,3.0823021987919024,0.05093230687671641,0.13842773437500003,2.704192474800091,0.27685546875000006,-0.13842773437500003,IGNORE
369,2.356194490192345,3,low,0.02,0.27430962212473314,0.004827062252011136,0.019163720462853334,1.9842353708127258,0.03832744092570667,-0.019163720462853334,IGNORE
370,2.356194490192345,3,medium,0.08,1.1719142932505848,0.019498139283989777,0.05493164062500003,2.262710941709698,0.10986328125000006,-0.05493164062500003,IGNORE
371,2.356194490192345,3,high,0.2,3.0547241719800344,0.0501754227590119,0.13720703125000003,2.679397590655575,0.27441406250000006,-0.13720703125000003,IGNORE
372,2.356194490192345,4,low,0.02,0.360208046713282,0.006242774662550361,0.017822265625000028,2.0147545890074126,0.035644531250000056,-0.017822265625000028,IGNORE
373,2.356194490192345,4,medium,0.08,1.4114949965029098,0.023329539390921663,0.06567382812500003,2.3209424427229797,0.13134765625000006,-0.06567382812500003,IGNORE
374,2.356194490192345,4,high,0.2,3.5049717014709234,0.057970109690380425,0.15649414062500003,2.782591277116765,0.31298828125000006,-0.15649414062500003,IGNORE
375,2.356194490192345,5,low,0.02,0.2645888828032504,0.004643918820434944,0.015989892337853334,1.9850019660364335,0.03197978467570667,-0.015989892337853334,IGNORE
376,2.356194490192345,5,medium,0.08,1.1996947989022346,0.0199308166855323,0.05615234375000003,2.271736591280815,0.11230468750000006,-0.05615234375000003,IGNORE
377,2.356194490192345,5,high,0.2,3.3033270633532075,0.05430135568314007,0.14794921875000003,2.7297718653940612,0.29589843750000006,-0.14794921875000003,IGNORE
378,2.356194490192345,6,low,0.02,0.30363111365068113,0.005347139796661947,0.016357421875,1.9949258414136533,0.03271484375,-0.016357421875,IGNORE
379,2.356194490192345,6,medium,0.08,1.2965522172048707,0.021514422719283104,0.06054687500000003,2.2932352771789244,0.12109375000000006,-0.06054687500000003,IGNORE
380,2.356194490192345,6,high,0.2,3.187794020853124,0.05257650604095539,0.14282226562500003,2.718070949013206,0.28564453125000006,-0.14282226562500003,IGNORE
381,2.356194490192345,7,low,0.02,0.18183166520484362,0.003243662721749546,0.011351220462853334,1.948679898018283,0.02270244092570667,-0.011351220462853334,IGNORE
382,2.356194490192345,7,medium,0.08,1.0230337084686643,0.01705589834136697,0.04833984375000003,2.223234679141332,0.09667968750000006,-0.04833984375000003,IGNORE
383,2.356194490192345,7,high,0.2,3.2122995129225593,0.05299167046735751,0.14404296875000003,2.7253726447068276,0.28808593750000006,-0.14404296875000003,IGNORE
384,2.356194490192345,8,low,0.02,0.2675521132993782,0.004686844981059046,0.013427734375000028,1.9830027218705488,0.026855468750000056,-0.013427734375000028,IGNORE
385,2.356194490192345,8,medium,0.08,1.1756129781778906,0.01952012601479198,0.05517578125000003,2.2622301809757133,0.11035156250000006,-0.05517578125000003,IGNORE
386,2.356194490192345,8,high,0.2,3.47797377368353,0.05720279451810585,0.15527343750000003,2.7566370469998454,0.31054687500000006,-0.15527343750000003,IGNORE
387,2.356194490192345,9,low,0.02,0.34559847122069953,0.0061429493624600125,0.026732079837853334,1.9986950110548036,0.05346415967570667,-0.026732079837853334,IGNORE
388,2.356194490192345,9,medium,0.08,1.3843536341941323,0.023004863077433435,0.06445312500000003,2.3039010245161435,0.12890625000000006,-0.06445312500000003,IGNORE
389,2.356194490192345,9,high,0.2,3.7641118049701774,0.061974536919960695,0.16748046875000003,2.8106886023415196,0.33496093750000006,-0.16748046875000003,IGNORE
390,2.552544031041707,0,low,0.02,0.23736537489068937,0.004254241051800746,0.019529813375660163,1.8088435823194895,0.039059626751320325,-0.019529813375660163,IGNORE
391,2.552544031041707,0,medium,0.08,1.121743243173897,0.018843829045592106,0.05834817275066016,2.1016877521638624,0.11669634550132033,-0.05834817275066016,IGNORE
392,2.552544031041707,0,high,0.2,3.363636395270913,0.055977130853522086,0.1520988910628301,2.625390386119301,0.3041977821256602,-0.1520988910628301,IGNORE
393,2.552544031041707,1,low,0.02,0.32401334910584,0.005737725285934553,0.02197265625,1.8315063493989912,0.0439453125,-0.02197265625,IGNORE
394,2.552544031041707,1,medium,0.08,1.3501949465503542,0.022539914345895768,0.06591725043783009,2.1536343857176012,0.13183450087566018,-0.06591725043783009,IGNORE
395,2.552544031041707,1,high,0.2,3.093038182120262,0.05101470739830263,0.138916015625,2.549219107751007,0.27783203125,-0.138916015625,IGNORE
396,2.552544031041707,2,low,0.02,0.28921312115990055,0.005194511616980343,0.02343678168783009,1.8195686758200644,0.04687356337566018,-0.02343678168783009,IGNORE
397,2.552544031041707,2,medium,0.08,1.2538034399206095,0.02100820581913399,0.06616139106283009,2.1274808463203403,0.13232278212566018,-0.06616139106283009,IGNORE
398,2.552544031041707,2,high,0.2,3.3349365979855436,0.05567368594886095,0.1535637348128301,2.6262001598620928,0.3071274696256602,-0.1535637348128301,IGNORE
399,2.552544031041707,3,low,0.02,0.2742970794711139,0.004823967321794551,0.018311265187169926,1.797656731624346,0.03662253037433985,-0.018311265187169926,IGNORE
400,2.552544031041707,3,medium,0.08,1.166576650072897,0.019429497904569413,0.054687500000000014,2.089604470349773,0.10937500000000003,-0.054687500000000014,IGNORE
401,2.552544031041707,3,high,0.2,3.0497704600282343,0.05026686752322276,0.136962890625,2.5357428676244202,0.27392578125,-0.136962890625,IGNORE
402,2.552544031041707,4,low,0.02,0.31425183457625316,0.005607909521707648,0.024412625875660163,1.8419226746362187,0.048825251751320325,-0.024412625875660163,IGNORE
403,2.552544031041707,4,medium,0.08,1.3460106034008823,0.022540155584533084,0.06884693793783009,2.162714729241137,0.13769387587566018,-0.06884693793783009,IGNORE
404,2.552544031041707,4,high,0.2,3.3629863202766295,0.055701436223668604,0.1520988910628301,2.6111556866815335,0.3041977821256602,-0.1520988910628301,IGNORE
405,2.552544031041707,5,low,0.02,0.24841497272070096,0.004374643522806958,0.012451171875000014,1.7824801405277055,0.024902343750000028,-0.012451171875000014,IGNORE
406,2.552544031041707,5,medium,0.08,1.1601147639806724,0.019274758110331625,0.054443359375000014,2.0797536517916138,0.10888671875000003,-0.054443359375000014,IGNORE
407,2.552544031041707,5,high,0.2,3.2817833010969535,0.053975433645159394,0.14697265625,2.573132304102411,0.2939453125,-0.14697265625,IGNORE
408,2.552544031041707,6,low,0.02,0.3036388498618437,0.005349021748338145,0.01757740668783009,1.8091334877053216,0.03515481337566018,-0.01757740668783009,IGNORE
409,2.552544031041707,6,medium,0.08,1.2911582792743812,0.021452796131809716,0.06152271918783009,2.1227279437684525,0.12304543837566018,-0.06152271918783009,IGNORE
410,2.552544031041707,6,high,0.2,3.1894921561355227,0.05302041808160935,0.1455070941878301,2.5862466446812977,0.2910141883756602,-0.1455070941878301,IGNORE
411,2.552544031041707,7,low,0.02,0.1818064541532338,0.003237336636267278,0.010010483937169926,1.7615403931295828,0.02002096787433985,-0.010010483937169926,IGNORE
412,2.552544031041707,7,medium,0.08,1.0230769872378462,0.017066966567440972,0.048339843750000014,2.050638371980512,0.09667968750000003,-0.048339843750000014,IGNORE
413,2.552544031041707,7,high,0.2,3.219108968771172,0.05337461370550709,0.1467277973128301,2.5886565647319353,0.2934555946256602,-0.1467277973128301,IGNORE
414,2.552544031041707,8,low,0.02,0.2675400786615079,0.004683814450798849,0.013427734375000014,1.7947341990661139,0.026855468750000028,-0.013427734375000014,IGNORE
415,2.552544031041707,8,medium,0.08,1.1756223929839749,0.019522505030995778,0.055175781250000014,2.0883489421028125,0.11035156250000003,-0.055175781250000014,IGNORE
416,2.552544031041707,8,high,0.2,3.484342363827273,0.057454569348353975,0.155517578125,2.61546289146174,0.31103515625,-0.155517578125,IGNORE
417,2.552544031041707,9,low,0.02,0.3508647333609548,0.0061674683164759025,0.02465748481283009,1.845284568646353,0.04931496962566018,-0.02465748481283009,IGNORE
418,2.552544031041707,9,medium,0.08,1.4179002320793495,0.023620931680711305,0.07128834418783009,2.171700428297952,0.14257668837566018,-0.07128834418783009,IGNORE
419,2.552544031041707,9,high,0.2,3.782575417287779,0.062265651331105044,0.168212890625,2.6593062998095123,0.33642578125,-0.168212890625,IGNORE
420,2.748893571891069,0,low,0.02,0.27808445406175186,0.004904504628406929,0.016845703125,1.5497280591290092,0.03369140625,-0.016845703125,IGNORE
421,2.748893571891069,0,medium,0.08,1.1226246446489274,0.019060638217619635,0.0644076109368528,1.8811257809986266,0.1288152218737056,-0.0644076109368528,IGNORE
422,2.748893571891069,0,high,0.2,3.3672575780479894,0.05688110514362463,0.1688997984368528,2.4490885870356047,0.3377995968737056,-0.1688997984368528,IGNORE
423,2.748893571891069,1,low,0.02,0.309545100020571,0.005562738420986903,0.022438180468426383,1.5887740158178973,0.044876360936852766,-0.022438180468426383,IGNORE
424,2.748893571891069,1,medium,0.08,1.3135185763916173,0.022168101416385255,0.0702669859368528,1.927487171093901,0.1405339718737056,-0.0702669859368528,IGNORE
425,2.748893571891069,1,high,0.2,3.0896662183432997,0.051511510526247986,0.1483919859368528,2.3654240620959057,0.2967839718737056,-0.1483919859368528,IGNORE
426,2.748893571891069,2,low,0.02,0.28914030581880723,0.0051748587734934,0.020973336718426383,1.5736707628653197,0.041946673436852766,-0.020973336718426383,IGNORE
427,2.748893571891069,2,medium,0.08,1.259736509358462,0.021202595540279787,0.06711591484342638,1.9054736563035737,0.13423182968685277,-0.06711591484342638,IGNORE
428,2.748893571891069,2,high,0.2,3.3145349976950635,0.055483598904421144,0.15940107109342638,2.4140245333637127,0.31880214218685277,-0.15940107109342638,IGNORE
429,2.748893571891069,3,low,0.02,0.2489396950962774,0.004449283398465889,0.018043649218426383,1.5585297206960629,0.036087298436852766,-0.018043649218426383,IGNORE
430,2.748893571891069,3,medium,0.08,1.1669552769728715,0.01952516091613253,0.058548235936852794,1.865972832449373,0.11709647187370559,-0.058548235936852794,IGNORE
431,2.748893571891069,3,high,0.2,3.0406763996927157,0.0506488083602997,0.1457064390618528,2.3493104006626098,0.2914128781237056,-0.1457064390618528,IGNORE
432,2.748893571891069,4,low,0.02,0.3193031723081195,0.005699046133248551,0.023636126561852787,1.598644986742746,0.047272253123705574,-0.023636126561852787,IGNORE
433,2.748893571891069,4,medium,0.08,1.346599093581077,0.022683965610725734,0.0729525328118528,1.9406996781779902,0.1459050656237056,-0.0729525328118528,IGNORE
434,2.748893571891069,4,high,0.2,3.3824222112730657,0.05656325203284972,0.1625521421868528,2.43124592038641,0.3251042843737056,-0.1625521421868528,IGNORE
435,2.748893571891069,5,low,0.02,0.24836390110287931,0.004361640894254709,0.013404977343426383,1.5358639464214368,0.026809954686852766,-0.013404977343426383,IGNORE
436,2.748893571891069,5,medium,0.08,1.1602404629043384,0.01930633836079018,0.05612958671842638,1.8510984203665248,0.11225917343685277,-0.05612958671842638,IGNORE
437,2.748893571891069,5,high,0.2,3.2888386669312757,0.05470656033916642,0.1547396421868528,2.40152039623639,0.3094792843737056,-0.1547396421868528,IGNORE
438,2.748893571891069,6,low,0.02,0.30373028258862994,0.005371063992073768,0.019020211718426383,1.5667270656972514,0.038040423436852766,-0.019020211718426383,IGNORE
439,2.748893571891069,6,medium,0.08,1.2917027223225397,0.02158776683083781,0.06589521171842638,1.9035105721294667,0.13179042343685277,-0.06589521171842638,IGNORE
440,2.748893571891069,6,high,0.2,3.1937339332789882,0.05407637007119045,0.1632845640618528,2.4129775625813856,0.3265691281237056,-0.1632845640618528,IGNORE
441,2.748893571891069,7,low,0.02,0.2542669652338686,0.004584011013703378,0.019020211718426383,1.556105264223171,0.038040423436852766,-0.019020211718426383,IGNORE
442,2.748893571891069,7,medium,0.08,1.0466996053131106,0.017480759969678177,0.05197919609342638,1.8171460874152237,0.10395839218685277,-0.05197919609342638,IGNORE
443,2.748893571891069,7,high,0.2,3.2221092125824065,0.05412779835550441,0.1588900328118528,2.408642663994484,0.3177800656237056,-0.1588900328118528,IGNORE
444,2.748893571891069,8,low,0.02,0.26752040512058295,0.0046788511292372974,0.01342773437499998,1.5468939840787796,0.02685546874999996,-0.01342773437499998,IGNORE
445,2.748893571891069,8,medium,0.08,1.1758117472912066,0.019570517560562467,0.05661786796842638,1.8612005072477746,0.11323573593685277,-0.05661786796842638,IGNORE
446,2.748893571891069,8,high,0.2,3.480399279665775,0.0578244495383498,0.16111005546842638,2.4305235121453843,0.32222011093685277,-0.16111005546842638,IGNORE
447,2.748893571891069,9,low,0.02,0.3401242039044187,0.005943429091890573,0.020530569531573596,1.5711897549749034,0.04106113906314719,-0.020530569531573596,IGNORE
448,2.748893571891069,9,medium,0.08,1.3731735569747214,0.022781680144712806,0.06396484374999997,1.909366009002202,0.12792968749999994,-0.06396484374999997,IGNORE
449,2.748893571891069,9,high,0.2,3.760620354631162,0.06220319269824429,0.16819013359342638,2.4720190293163014,0.33638026718685277,-0.16819013359342638,IGNORE
450,2.945243112740431,0,low,0.02,0.2735447097955437,0.00489789943712063,0.01708984375,1.2872930559423579,0.0341796875,-0.01708984375,IGNORE
451,2.945243112740431,0,medium,0.08,1.1327028056678135,0.019031217962483242,0.05745619874208974,1.6089320877225426,0.11491239748417947,-0.05745619874208974,IGNORE
452,2.945243112740431,0,high,0.2,3.3123056327917304,0.05743419769674772,0.17122572999208974,2.2386726128520325,0.3424514599841795,-0.17122572999208974,IGNORE
453,2.945243112740431,1,low,0.02,0.3096176151455391,0.005575381941457683,0.020102683117089737,1.329632625687522,0.040205366234179474,-0.020102683117089737,IGNORE
454,2.945243112740431,1,medium,0.08,1.315543534870677,0.022621836328212457,0.07283705811708974,1.6980240796655592,0.14567411623417947,-0.07283705811708974,IGNORE
455,2.945243112740431,1,high,0.2,3.107848725068094,0.05323681182965129,0.15853041749208974,2.1791518003854984,0.3170608349841795,-0.15853041749208974,IGNORE
456,2.945243112740431,2,low,0.02,0.28927898135985397,0.005203346074785915,0.019126120617089737,1.321054323400637,0.038252241234179474,-0.019126120617089737,IGNORE
457,2.945243112740431,2,medium,0.08,1.2619245498339549,0.021697274228367924,0.07039565186708974,1.6805780525056635,0.14079130373417947,-0.07039565186708974,IGNORE
458,2.945243112740431,2,high,0.2,3.336046955751331,0.058027114997591465,0.17317885499208974,2.247679103146813,0.3463577099841795,-0.17317885499208974,IGNORE
459,2.945243112740431,3,low,0.02,0.2795953690951106,0.004904300039457528,0.015300364996044868,1.2933812176785415,0.030600729992089737,-0.015300364996044868,IGNORE
460,2.945243112740431,3,medium,0.08,1.1691847138268563,0.020050758861130596,0.06478041749208974,1.6452043271499894,0.12956083498417947,-0.06478041749208974,IGNORE
461,2.945243112740431,3,high,0.2,3.1026298752489168,0.053821205372732994,0.16170424561708974,2.187735250462758,0.3234084912341795,-0.16170424561708974,IGNORE
462,2.945243112740431,4,low,0.02,0.31928071577003647,0.005689453391064867,0.01945075562104487,1.3239776309213434,0.03890151124208974,-0.01945075562104487,IGNORE
463,2.945243112740431,4,medium,0.08,1.3527128804539474,0.02290608969635135,0.07088393311708974,1.6907467432804357,0.14176786623417947,-0.07088393311708974,IGNORE
464,2.945243112740431,4,high,0.2,3.391693538403329,0.05861403772321647,0.17391127686708974,2.252859771373849,0.3478225537341795,-0.17391127686708974,IGNORE
465,2.945243112740431,5,low,0.02,0.24842185537642314,0.004375280790317474,0.014079661871044868,1.2854768918492439,0.028159323742089737,-0.014079661871044868,IGNORE
466,2.945243112740431,5,medium,0.08,1.161400531775051,0.019585416919699408,0.06087416749208974,1.6269397253785554,0.12174833498417947,-0.06087416749208974,IGNORE
467,2.945243112740431,5,high,0.2,3.2974573269773324,0.05665992925474393,0.16780776124208974,2.225122123407723,0.3356155224841795,-0.16780776124208974,IGNORE
468,2.945243112740431,6,low,0.02,0.3036089687484463,0.005343091698894025,0.01513671875,1.287457544212953,0.0302734375,-0.01513671875,IGNORE
469,2.945243112740431,6,medium,0.08,1.2942074992438326,0.02216280971937999,0.07088393311708974,1.685547493263898,0.14176786623417947,-0.07088393311708974,IGNORE
470,2.945243112740431,6,high,0.2,3.2096046446339215,0.057405090130205935,0.17537612061708974,2.24660446216626,0.3507522412341795,-0.17537612061708974,IGNORE
471,2.945243112740431,7,low,0.02,0.23874151900533275,0.0042164550781758296,0.013835521246044868,1.2804822909319784,0.027671042492089737,-0.013835521246044868,IGNORE
472,2.945243112740431,7,medium,0.08,1.1179676197223785,0.01894402913485359,0.05940932374208974,1.6164272908348085,0.11881864748417947,-0.05940932374208974,IGNORE
473,2.945243112740431,7,high,0.2,3.1838404752442617,0.05590816250953022,0.16878432374208974,2.223310355457643,0.3375686474841795,-0.16878432374208974,IGNORE
474,2.945243112740431,8,low,0.02,0.26255148689889507,0.004606970086800118,0.014487448742089735,1.2935327038131474,0.02897489748417947,-0.014487448742089735,IGNORE
475,2.945243112740431,8,medium,0.08,1.1770889006925969,0.019877701054209218,0.06209487061708974,1.635415370034933,0.12418974123417947,-0.06209487061708974,IGNORE
476,2.945243112740431,8,high,0.2,3.4883300011204303,0.059620335058080044,0.17415541749208974,2.2532570832724623,0.3483108349841795,-0.17415541749208974,IGNORE
477,2.945243112740431,9,low,0.02,0.3403202727823465,0.005991541152343032,0.02067145874604487,1.3302104070439353,0.04134291749208974,-0.02067145874604487,IGNORE
478,2.945243112740431,9,medium,0.08,1.4567598873261187,0.024267350950383456,0.07186049561708974,1.7007475817714128,0.14372099123417947,-0.07186049561708974,IGNORE
479,2.945243112740431,9,high,0.2,3.767284261511861,0.06377847526009922,0.18318862061708974,2.299328630508909,0.3663772412341795,-0.18318862061708974,IGNORE
480,3.141592653589793,0,low,0.02,0.389034407947794,0.006772238318439638,0.019287109375,1.1882995655672788,0.03857421875,-0.019287109375,IGNORE
481,3.141592653589793,0,medium,0.08,1.527213391844925,0.02542174784343912,0.0712890625,1.5672134256292867,0.142578125,-0.0712890625,IGNORE
482,3.141592653589793,0,high,0.2,3.6714154586903067,0.06074253085316171,0.16455078125,2.098226702694891,0.3291015625,-0.16455078125,IGNORE
483,3.141592653589793,1,low,0.02,0.33804528278338,0.0060347960942165445,0.026123046875,1.1669806176763424,0.05224609375,-0.026123046875,IGNORE
484,3.141592653589793,1,medium,0.08,1.5001206675680288,0.025089813720629045,0.070068359375,1.558859611635285,0.14013671875,-0.070068359375,IGNORE
485,3.141592653589793,1,high,0.2,3.655740347814025,0.060539791904481305,0.1640625,2.101864966240507,0.328125,-0.1640625,IGNORE
486,3.141592653589793,2,low,0.02,0.36330459026418893,0.00634003275004074,0.01806640625,1.1779794929899414,0.0361328125,-0.01806640625,IGNORE
487,3.141592653589793,2,medium,0.08,1.5335735610306518,0.025496978492834492,0.071533203125,1.5675257116763142,0.14306640625,-0.071533203125,IGNORE
488,3.141592653589793,2,high,0.2,3.919876166327331,0.06496898605047852,0.17529296875,2.157248777912767,0.3505859375,-0.17529296875,IGNORE
489,3.141592653589793,3,low,0.02,0.3031299462030024,0.005295458555227041,0.01513671875,1.15093630647839,0.0302734375,-0.01513671875,IGNORE
490,3.141592653589793,3,medium,0.08,1.3697863275052773,0.022803850558401072,0.064208984375,1.5191786235295848,0.12841796875,-0.064208984375,IGNORE
491,3.141592653589793,3,high,0.2,3.7164227074846004,0.06155679227253954,0.16650390625,2.10919953277923,0.3330078125,-0.16650390625,IGNORE
492,3.141592653589793,4,low,0.02,0.40349190142365965,0.006992562767590237,0.02001953125,1.1959060231974339,0.0400390625,-0.02001953125,IGNORE
493,3.141592653589793,4,medium,0.08,1.6247550292408284,0.026975929850819067,0.07568359375,1.597275859706853,0.1513671875,-0.07568359375,IGNORE
494,3.141592653589793,4,high,0.2,3.965287618162828,0.06574706417411022,0.17724609375,2.1676384662740507,0.3544921875,-0.17724609375,IGNORE
495,3.141592653589793,5,low,0.02,0.30273262172641174,0.005274967519183575,0.01513671875,1.1515095245303912,0.0302734375,-0.01513671875,IGNORE
496,3.141592653589793,5,medium,0.08,1.380686995681408,0.022963180662018325,0.064697265625,1.5224284247904856,0.12939453125,-0.064697265625,IGNORE
497,3.141592653589793,5,high,0.2,3.850079398709786,0.06383520341807647,0.17236328125,2.1440873813387946,0.3447265625,-0.17236328125,IGNORE
498,3.141592653589793,6,low,0.02,0.34725521662918746,0.006123422796468254,0.02099609375,1.1726696329710613,0.0419921875,-0.02099609375,IGNORE
499,3.141592653589793,6,medium,0.08,1.548702624326771,0.025806113582994887,0.072265625,1.5741632988571785,0.14453125,-0.072265625,IGNORE
500,3.141592653589793,6,high,0.2,4.031327537780405,0.06681431847340258,0.179931640625,2.1767317782364595,0.35986328125,-0.179931640625,IGNORE
501,3.141592653589793,7,low,0.02,0.38928654187680767,0.006759901209451875,0.019287109375,1.187935813198251,0.03857421875,-0.019287109375,IGNORE
502,3.141592653589793,7,medium,0.08,1.5655827631447035,0.026021724355618163,0.072998046875,1.5782746180665015,0.14599609375,-0.072998046875,IGNORE
503,3.141592653589793,7,high,0.2,3.8747529337611835,0.06425981575327316,0.17333984375,2.1464432770409054,0.3466796875,-0.17333984375,IGNORE
504,3.141592653589793,8,low,0.02,0.3107411275620441,0.0054503644265533075,0.015625,1.1589318340573747,0.03125,-0.015625,IGNORE
505,3.141592653589793,8,medium,0.08,1.4059536368618526,0.02341194579560274,0.06591796875,1.5334167198119892,0.1318359375,-0.06591796875,IGNORE
506,3.141592653589793,8,high,0.2,4.013973681452397,0.06655550423150162,0.17919921875,2.1733038889297056,0.3583984375,-0.17919921875,IGNORE
507,3.141592653589793,9,low,0.02,0.42001454856337445,0.007269732805808245,0.020751953125,1.2005330938780803,0.04150390625,-0.020751953125,IGNORE
508,3.141592653589793,9,medium,0.08,1.670855840788,0.027715417423921068,0.07763671875,1.6066710122307148,0.1552734375,-0.07763671875,IGNORE
509,3.141592653589793,9,high,0.2,4.2380154715048555,0.070337731278409,0.188720703125,2.2201146624982595,0.37744140625,-0.188720703125,IGNORE
510,3.3379421944391554,0,low,0.02,0.2735447097955437,0.004897899437120545,0.01708984375,1.2872930559423579,0.0341796875,-0.01708984375,IGNORE
511,3.3379421944391554,0,medium,0.08,1.1327028056678135,0.019031217962483193,0.05745619874208982,1.6089320877225426,0.11491239748417964,-0.05745619874208982,IGNORE
512,3.3379421944391554,0,high,0.2,3.3123056327917304,0.057434197696747694,0.17122572999208982,2.2386726128520325,0.34245145998417964,-0.17122572999208982,IGNORE
513,3.3379421944391554,1,low,0.02,0.30961761514553904,0.005575381941457628,0.02010268311708982,1.329632625687522,0.04020536623417964,-0.02010268311708982,IGNORE
514,3.3379421944391554,1,medium,0.08,1.315543534870677,0.02262183632821241,0.07283705811708982,1.6980240796655592,0.14567411623417964,-0.07283705811708982,IGNORE
515,3.3379421944391554,1,high,0.2,3.107848725068094,0.05323681182965126,0.15853041749208982,2.1791518003854984,0.31706083498417964,-0.15853041749208982,IGNORE
516,3.3379421944391554,2,low,0.02,0.2892789813598539,0.00520334607478586,0.01912612061708982,1.321054323400637,0.03825224123417964,-0.01912612061708982,IGNORE
517,3.3379421944391554,2,medium,0.08,1.2619245498339549,0.021697274228367876,0.07039565186708982,1.6805780525056635,0.14079130373417964,-0.07039565186708982,IGNORE
518,3.3379421944391554,2,high,0.2,3.336046955751331,0.05802711499759139,0.17317885499208982,2.247679103146813,0.34635770998417964,-0.17317885499208982,IGNORE
519,3.3379421944391554,3,low,0.02,0.2795953690951105,0.0049043000394574715,0.015300364996044924,1.2933812176785415,0.030600729992089848,-0.015300364996044924,IGNORE
520,3.3379421944391554,3,medium,0.08,1.1691847138268563,0.020050758861130547,0.06478041749208982,1.6452043271499894,0.12956083498417964,-0.06478041749208982,IGNORE
521,3.3379421944391554,3,high,0.2,3.1026298752489168,0.053821205372732966,0.16170424561708982,2.187735250462758,0.32340849123417964,-0.16170424561708982,IGNORE
522,3.3379421944391554,4,low,0.02,0.31928071577003647,0.00568945339106481,0.019450755621044924,1.3239776309213434,0.03890151124208985,-0.019450755621044924,IGNORE
523,3.3379421944391554,4,medium,0.08,1.3527128804539474,0.022906089696351297,0.07088393311708982,1.6907467432804357,0.14176786623417964,-0.07088393311708982,IGNORE
524,3.3379421944391554,4,high,0.2,3.3916935384033295,0.05861403772321644,0.17391127686708982,2.252859771373849,0.34782255373417964,-0.17391127686708982,IGNORE
525,3.3379421944391554,5,low,0.02,0.24842185537642308,0.004375280790317418,0.014079661871044924,1.2854768918492439,0.028159323742089848,-0.014079661871044924,IGNORE
526,3.3379421944391554,5,medium,0.08,1.161400531775051,0.01958541691969936,0.06087416749208982,1.6269397253785554,0.12174833498417964,-0.06087416749208982,IGNORE
527,3.3379421944391554,5,high,0.2,3.2974573269773324,0.05665992925474389,0.16780776124208982,2.225122123407723,0.33561552248417964,-0.16780776124208982,IGNORE
528,3.3379421944391554,6,low,0.02,0.30360896874844623,0.005343091698893966,0.015136718750000028,1.287457544212953,0.030273437500000056,-0.015136718750000028,IGNORE
529,3.3379421944391554,6,medium,0.08,1.2942074992438326,0.022162809719379947,0.07088393311708982,1.685547493263898,0.14176786623417964,-0.07088393311708982,IGNORE
530,3.3379421944391554,6,high,0.2,3.2096046446339215,0.05740509013020585,0.17537612061708982,2.24660446216626,0.35075224123417964,-0.17537612061708982,IGNORE
531,3.3379421944391554,7,low,0.02,0.2387415190053327,0.004216455078175774,0.013835521246044924,1.2804822909319784,0.027671042492089848,-0.013835521246044924,IGNORE
532,3.3379421944391554,7,medium,0.08,1.1179676197223785,0.01894402913485354,0.05940932374208982,1.6164272908348085,0.11881864748417964,-0.05940932374208982,IGNORE
533,3.3379421944391554,7,high,0.2,3.1838404752442617,0.055908162509530186,0.16878432374208982,2.223310355457643,0.33756864748417964,-0.16878432374208982,IGNORE
534,3.3379421944391554,8,low,0.02,0.26255148689889507,0.004606970086800062,0.014487448742089822,1.2935327038131474,0.028974897484179644,-0.014487448742089822,IGNORE
535,3.3379421944391554,8,medium,0.08,1.1770889006925969,0.019877701054209163,0.06209487061708982,1.635415370034933,0.12418974123417964,-0.06209487061708982,IGNORE
536,3.3379421944391554,8,high,0.2,3.4883300011204303,0.059620335058080016,0.17415541749208982,2.2532570832724623,0.34831083498417964,-0.17415541749208982,IGNORE
537,3.3379421944391554,9,low,0.02,0.34032027278234656,0.0059915411523429486,0.020671458746044896,1.3302104070439353,0.04134291749208979,-0.020671458746044896,IGNORE
538,3.3379421944391554,9,medium,0.08,1.4567598873261187,0.024267350950383407,0.07186049561708982,1.7007475817714128,0.14372099123417964,-0.07186049561708982,IGNORE
539,3.3379421944391554,9,high,0.2,3.767284261511861,0.06377847526009918,0.18318862061708982,2.299328630508909,0.36637724123417964,-0.18318862061708982,IGNORE
540,3.5342917352885173,0,low,0.02,0.27808445406175175,0.004904504628406879,0.016845703125,1.5497280591290092,0.03369140625,-0.016845703125,IGNORE
541,3.5342917352885173,0,medium,0.08,1.1226246446489272,0.01906063821761959,0.06440761093685296,1.8811257809986266,0.12881522187370592,-0.06440761093685296,IGNORE
542,3.5342917352885173,0,high,0.2,3.3672575780479894,0.05688110514362465,0.16889979843685296,2.4490885870356047,0.3377995968737059,-0.16889979843685296,IGNORE
543,3.5342917352885173,1,low,0.02,0.3095451000205709,0.005562738420986908,0.022438180468426494,1.5887740158178973,0.04487636093685299,-0.022438180468426494,IGNORE
544,3.5342917352885173,1,medium,0.08,1.3135185763916173,0.02216810141638529,0.07026698593685296,1.927487171093901,0.14053397187370592,-0.07026698593685296,IGNORE
545,3.5342917352885173,1,high,0.2,3.0896662183432992,0.05151151052624802,0.14839198593685296,2.3654240620959057,0.2967839718737059,-0.14839198593685296,IGNORE
546,3.5342917352885173,2,low,0.02,0.2891403058188071,0.0051748587734934525,0.020973336718426494,1.5736707628653197,0.04194667343685299,-0.020973336718426494,IGNORE
547,3.5342917352885173,2,medium,0.08,1.2597365093584618,0.02120259554027975,0.0671159148434265,1.9054736563035737,0.134231829686853,-0.0671159148434265,IGNORE
548,3.5342917352885173,2,high,0.2,3.3145349976950635,0.055483598904421165,0.1594010710934265,2.4140245333637127,0.318802142186853,-0.1594010710934265,IGNORE
549,3.5342917352885173,3,low,0.02,0.24893969509627728,0.0044492833984658905,0.018043649218426494,1.5585297206960629,0.03608729843685299,-0.018043649218426494,IGNORE
550,3.5342917352885173,3,medium,0.08,1.1669552769728715,0.01952516091613253,0.05854823593685296,1.865972832449373,0.11709647187370592,-0.05854823593685296,IGNORE
551,3.5342917352885173,3,high,0.2,3.0406763996927157,0.050648808360299766,0.14570643906185296,2.3493104006626098,0.2914128781237059,-0.14570643906185296,IGNORE
552,3.5342917352885173,4,low,0.02,0.31930317230811944,0.005699046133248605,0.023636126561852953,1.598644986742746,0.04727225312370591,-0.023636126561852953,IGNORE
553,3.5342917352885173,4,medium,0.08,1.346599093581077,0.022683965610725762,0.07295253281185296,1.9406996781779902,0.14590506562370592,-0.07295253281185296,IGNORE
554,3.5342917352885173,4,high,0.2,3.3824222112730657,0.05656325203284977,0.16255214218685296,2.43124592038641,0.3251042843737059,-0.16255214218685296,IGNORE
555,3.5342917352885173,5,low,0.02,0.2483639011028792,0.00436164089425476,0.013404977343426494,1.5358639464214368,0.026809954686852988,-0.013404977343426494,IGNORE
556,3.5342917352885173,5,medium,0.08,1.1602404629043381,0.019306338360790137,0.056129586718426494,1.8510984203665248,0.11225917343685299,-0.056129586718426494,IGNORE
557,3.5342917352885173,5,high,0.2,3.2888386669312757,0.05470656033916646,0.15473964218685296,2.40152039623639,0.3094792843737059,-0.15473964218685296,IGNORE
558,3.5342917352885173,6,low,0.02,0.3037302825886299,0.005371063992073819,0.019020211718426494,1.5667270656972514,0.03804042343685299,-0.019020211718426494,IGNORE
559,3.5342917352885173,6,medium,0.08,1.2917027223225395,0.021587766830837817,0.0658952117184265,1.9035105721294667,0.131790423436853,-0.0658952117184265,IGNORE
560,3.5342917352885173,6,high,0.2,3.1937339332789882,0.054076370071190524,0.16328456406185296,2.4129775625813856,0.3265691281237059,-0.16328456406185296,IGNORE
561,3.5342917352885173,7,low,0.02,0.2542669652338685,0.004584011013703379,0.019020211718426494,1.556105264223171,0.03804042343685299,-0.019020211718426494,IGNORE
562,3.5342917352885173,7,medium,0.08,1.0466996053131106,0.01748075996967818,0.051979196093426494,1.8171460874152237,0.10395839218685299,-0.051979196093426494,IGNORE
563,3.5342917352885173,7,high,0.2,3.2221092125824065,0.05412779835550441,0.15889003281185296,2.408642663994484,0.3177800656237059,-0.15889003281185296,IGNORE
564,3.5342917352885173,8,low,0.02,0.26752040512058284,0.004678851129237295,0.013427734375000035,1.5468939840787796,0.02685546875000007,-0.013427734375000035,IGNORE
565,3.5342917352885173,8,medium,0.08,1.1758117472912066,0.01957051756056247,0.056617867968426494,1.8612005072477746,0.11323573593685299,-0.056617867968426494,IGNORE
566,3.5342917352885173,8,high,0.2,3.4803992796657743,0.057824449538349816,0.1611100554684265,2.4305235121453843,0.322220110936853,-0.1611100554684265,IGNORE
567,3.5342917352885173,9,low,0.02,0.3401242039044186,0.0059434290918905725,0.02053056953157354,1.5711897549749034,0.04106113906314708,-0.02053056953157354,IGNORE
568,3.5342917352885173,9,medium,0.08,1.3731735569747214,0.022781680144712806,0.06396484375000003,1.909366009002202,0.12792968750000006,-0.06396484375000003,IGNORE
569,3.5342917352885173,9,high,0.2,3.760620354631162,0.0622031926982443,0.1681901335934265,2.4720190293163014,0.336380267186853,-0.1681901335934265,IGNORE
570,3.730641276137879,0,low,0.02,0.23736537489068948,0.004254241051800667,0.019529813375660315,1.8088435823194895,0.03905962675132063,-0.019529813375660315,IGNORE
571,3.730641276137879,0,medium,0.08,1.121743243173897,0.01884382904559205,0.058348172750660315,2.1016877521638624,0.11669634550132063,-0.058348172750660315,IGNORE
572,3.730641276137879,0,high,0.2,3.363636395270913,0.05597713085352203,0.15209889106283014,2.625390386119301,0.3041977821256603,-0.15209889106283014,IGNORE
573,3.730641276137879,1,low,0.02,0.3240133491058401,0.005737725285934471,0.02197265625,1.8315063493989912,0.0439453125,-0.02197265625,IGNORE
574,3.730641276137879,1,medium,0.08,1.3501949465503542,0.022539914345895716,0.06591725043783014,2.1536343857176012,0.1318345008756603,-0.06591725043783014,IGNORE
575,3.730641276137879,1,high,0.2,3.093038182120262,0.05101470739830258,0.13891601562499997,2.549219107751007,0.27783203124999994,-0.13891601562499997,IGNORE
576,3.730641276137879,2,low,0.02,0.28921312115990067,0.005194511616980285,0.023436781687830144,1.8195686758200644,0.04687356337566029,-0.023436781687830144,IGNORE
577,3.730641276137879,2,medium,0.08,1.2538034399206097,0.021008205819133926,0.06616139106283014,2.1274808463203403,0.1323227821256603,-0.06616139106283014,IGNORE
578,3.730641276137879,2,high,0.2,3.3349365979855436,0.05567368594886087,0.15356373481283014,2.6262001598620928,0.3071274696256603,-0.15356373481283014,IGNORE
579,3.730641276137879,3,low,0.02,0.2742970794711141,0.004823967321794464,0.01831126518716983,1.797656731624346,0.03662253037433966,-0.01831126518716983,IGNORE
580,3.730641276137879,3,medium,0.08,1.166576650072897,0.01942949790456935,0.05468749999999997,2.089604470349773,0.10937499999999994,-0.05468749999999997,IGNORE
581,3.730641276137879,3,high,0.2,3.0497704600282347,0.05026686752322271,0.13696289062499997,2.5357428676244202,0.27392578124999994,-0.13696289062499997,IGNORE
582,3.730641276137879,4,low,0.02,0.3142518345762532,0.005607909521707579,0.024412625875660315,1.8419226746362187,0.04882525175132063,-0.024412625875660315,IGNORE
583,3.730641276137879,4,medium,0.08,1.3460106034008823,0.022540155584533008,0.06884693793783014,2.162714729241137,0.1376938758756603,-0.06884693793783014,IGNORE
584,3.730641276137879,4,high,0.2,3.3629863202766295,0.05570143622366856,0.15209889106283014,2.6111556866815335,0.3041977821256603,-0.15209889106283014,IGNORE
585,3.730641276137879,5,low,0.02,0.24841497272070098,0.004374643522806866,0.012451171874999972,1.7824801405277055,0.024902343749999944,-0.012451171874999972,IGNORE
586,3.730641276137879,5,medium,0.08,1.1601147639806724,0.019274758110331563,0.05444335937499997,2.0797536517916138,0.10888671874999994,-0.05444335937499997,IGNORE
587,3.730641276137879,5,high,0.2,3.2817833010969535,0.05397543364515934,0.14697265624999997,2.573132304102411,0.29394531249999994,-0.14697265624999997,IGNORE
588,3.730641276137879,6,low,0.02,0.3036388498618438,0.005349021748338089,0.017577406687830144,1.8091334877053216,0.03515481337566029,-0.017577406687830144,IGNORE
589,3.730641276137879,6,medium,0.08,1.2911582792743814,0.02145279613180965,0.061522719187830144,2.1227279437684525,0.12304543837566029,-0.061522719187830144,IGNORE
590,3.730641276137879,6,high,0.2,3.1894921561355227,0.05302041808160929,0.14550709418783014,2.5862466446812977,0.2910141883756603,-0.14550709418783014,IGNORE
591,3.730641276137879,7,low,0.02,0.18180645415323393,0.0032373366362671886,0.010010483937169828,1.7615403931295828,0.020020967874339657,-0.010010483937169828,IGNORE
592,3.730641276137879,7,medium,0.08,1.0230769872378462,0.01706696656744089,0.04833984374999997,2.050638371980512,0.09667968749999994,-0.04833984374999997,IGNORE
593,3.730641276137879,7,high,0.2,3.219108968771172,0.05337461370550703,0.14672779731283014,2.5886565647319353,0.2934555946256603,-0.14672779731283014,IGNORE
594,3.730641276137879,8,low,0.02,0.26754007866150803,0.004683814450798783,0.013427734374999972,1.7947341990661139,0.026855468749999944,-0.013427734374999972,IGNORE
595,3.730641276137879,8,medium,0.08,1.1756223929839749,0.019522505030995722,0.05517578124999997,2.0883489421028125,0.11035156249999994,-0.05517578124999997,IGNORE
596,3.730641276137879,8,high,0.2,3.4843423638272735,0.05745456934835392,0.15551757812499997,2.61546289146174,0.31103515624999994,-0.15551757812499997,IGNORE
597,3.730641276137879,9,low,0.02,0.3508647333609549,0.006167468316475845,0.024657484812830144,1.845284568646353,0.04931496962566029,-0.024657484812830144,IGNORE
598,3.730641276137879,9,medium,0.08,1.4179002320793495,0.023620931680711253,0.07128834418783014,2.171700428297952,0.1425766883756603,-0.07128834418783014,IGNORE
599,3.730641276137879,9,high,0.2,3.782575417287779,0.06226565133110497,0.16821289062499997,2.6593062998095123,0.33642578124999994,-0.16821289062499997,IGNORE
600,3.9269908169872414,0,low,0.02,0.23726029405439375,0.004228205536029552,0.01782490282429347,1.9878994976669935,0.03564980564858694,-0.01782490282429347,IGNORE
601,3.9269908169872414,0,medium,0.08,1.1213508186237404,0.018744843101098523,0.05273437500000003,2.2658431538757418,0.10546875000000006,-0.05273437500000003,IGNORE
602,3.9269908169872414,0,high,0.2,3.3622354382164614,0.05561139216153975,0.15039062500000003,2.7587934990702285,0.30078125000000006,-0.15039062500000003,IGNORE
603,3.9269908169872414,1,low,0.02,0.3145153238849764,0.005612654045190687,0.02258168921285328,1.986999232702122,0.04516337842570656,-0.02258168921285328,IGNORE
604,3.9269908169872414,1,medium,0.08,1.3176047144566647,0.021929513542454863,0.06152343750000003,2.2890554381872033,0.12304687500000006,-0.06152343750000003,IGNORE
605,3.9269908169872414,1,high,0.2,3.092327429010441,0.0508265172216928,0.13891601562500003,2.691056312566114,0.27783203125000006,-0.13891601562500003,IGNORE
606,3.9269908169872414,2,low,0.02,0.34409967597284746,0.005984716805689577,0.01941049828714675,2.0224607946263786,0.0388209965742935,-0.01941049828714675,IGNORE
607,3.9269908169872414,2,medium,0.08,1.355904396271851,0.022488724191887216,0.06323242187500003,2.320990470628009,0.12646484375000006,-0.06323242187500003,IGNORE
608,3.9269908169872414,2,high,0.2,3.0823021987919024,0.050932306876716335,0.13842773437500003,2.704192474800091,0.27685546875000006,-0.13842773437500003,IGNORE
609,3.9269908169872414,3,low,0.02,0.2743096221247332,0.004827062252011029,0.01916372046285328,1.9842353708127258,0.03832744092570656,-0.01916372046285328,IGNORE
610,3.9269908169872414,3,medium,0.08,1.1719142932505848,0.019498139283989697,0.05493164062500003,2.262710941709698,0.10986328125000006,-0.05493164062500003,IGNORE
611,3.9269908169872414,3,high,0.2,3.0547241719800344,0.05017542275901177,0.13720703125000003,2.679397590655575,0.27441406250000006,-0.13720703125000003,IGNORE
612,3.9269908169872414,4,low,0.02,0.360208046713282,0.006242774662550259,0.017822265625000028,2.0147545890074126,0.035644531250000056,-0.017822265625000028,IGNORE
613,3.9269908169872414,4,medium,0.08,1.4114949965029098,0.02332953939092152,0.06567382812500003,2.3209424427229797,0.13134765625000006,-0.06567382812500003,IGNORE
614,3.9269908169872414,4,high,0.2,3.5049717014709234,0.057970109690380314,0.15649414062500003,2.782591277116765,0.31298828125000006,-0.15649414062500003,IGNORE
615,3.9269908169872414,5,low,0.02,0.26458888280325044,0.004643918820434862,0.01598989233785328,1.9850019660364335,0.03197978467570656,-0.01598989233785328,IGNORE
616,3.9269908169872414,5,medium,0.08,1.1996947989022346,0.019930816685532166,0.05615234375000003,2.271736591280815,0.11230468750000006,-0.05615234375000003,IGNORE
617,3.9269908169872414,5,high,0.2,3.3033270633532075,0.05430135568313996,0.14794921875000003,2.7297718653940612,0.29589843750000006,-0.14794921875000003,IGNORE
618,3.9269908169872414,6,low,0.02,0.3036311136506812,0.005347139796661864,0.016357421875,1.9949258414136533,0.03271484375,-0.016357421875,IGNORE
619,3.9269908169872414,6,medium,0.08,1.2965522172048707,0.021514422719283003,0.06054687500000003,2.2932352771789244,0.12109375000000006,-0.06054687500000003,IGNORE
620,3.9269908169872414,6,high,0.2,3.187794020853124,0.05257650604095527,0.14282226562500003,2.718070949013206,0.28564453125000006,-0.14282226562500003,IGNORE
621,3.9269908169872414,7,low,0.02,0.18183166520484362,0.0032436627217494437,0.011351220462853279,1.948679898018283,0.022702440925706557,-0.011351220462853279,IGNORE
622,3.9269908169872414,7,medium,0.08,1.0230337084686645,0.017055898341366883,0.04833984375000003,2.223234679141332,0.09667968750000006,-0.04833984375000003,IGNORE
623,3.9269908169872414,7,high,0.2,3.2122995129225593,0.052991670467357435,0.14404296875000003,2.7253726447068276,0.28808593750000006,-0.14404296875000003,IGNORE
624,3.9269908169872414,8,low,0.02,0.2675521132993782,0.004686844981058945,0.013427734375000028,1.9830027218705488,0.026855468750000056,-0.013427734375000028,IGNORE
625,3.9269908169872414,8,medium,0.08,1.1756129781778908,0.019520126014791837,0.05517578125000003,2.2622301809757133,0.11035156250000006,-0.05517578125000003,IGNORE
626,3.9269908169872414,8,high,0.2,3.47797377368353,0.05720279451810576,0.15527343750000003,2.7566370469998454,0.31054687500000006,-0.15527343750000003,IGNORE
627,3.9269908169872414,9,low,0.02,0.34559847122069953,0.006142949362459871,0.02673207983785328,1.9986950110548036,0.05346415967570656,-0.02673207983785328,IGNORE
628,3.9269908169872414,9,medium,0.08,1.3843536341941323,0.023004863077433314,0.06445312500000003,2.3039010245161435,0.12890625000000006,-0.06445312500000003,IGNORE
629,3.9269908169872414,9,high,0.2,3.7641118049701774,0.06197453691996059,0.16748046875000003,2.8106886023415196,0.33496093750000006,-0.16748046875000003,IGNORE
630,4.123340357836604,0,low,0.02,0.23721058181257876,0.004215842314035907,0.01578167480553111,2.0870556958262267,0.03156334961106222,-0.01578167480553111,IGNORE
631,4.123340357836604,0,medium,0.08,1.1211934588378927,0.018704791210254985,0.052734375000000056,2.3576299053677365,0.10546875000000011,-0.052734375000000056,IGNORE
632,4.123340357836604,0,high,0.2,3.355764718165436,0.05532067924839166,0.15014648437500006,2.8299247021741074,0.3002929687500001,-0.15014648437500006,IGNORE
633,4.123340357836604,1,low,0.02,0.3196948373697245,0.005708901544056436,0.024457795409734473,2.1025608880337994,0.048915590819468946,-0.024457795409734473,IGNORE
634,4.123340357836604,1,medium,0.08,1.3233065717916501,0.02205528465042464,0.061767578125000056,2.3950185617685245,0.12353515625000011,-0.061767578125000056,IGNORE
635,4.123340357836604,1,high,0.2,3.0977793309511767,0.05088049407969637,0.13916015625000006,2.7751108412413674,0.2783203125000001,-0.13916015625000006,IGNORE
636,4.123340357836604,2,low,0.02,0.34409386383733054,0.005983283496868561,0.018999235840265583,2.1244705770833603,0.037998471680531165,-0.018999235840265583,IGNORE
637,4.123340357836604,2,medium,0.08,1.355837925429173,0.022471712163276182,0.06323242187500006,2.414646764136884,0.1264648437500001,-0.06323242187500006,IGNORE
638,4.123340357836604,2,high,0.2,3.0816544285110257,0.05076054436309123,0.13842773437500006,2.779305038118028,0.2768554687500001,-0.13842773437500006,IGNORE
639,4.123340357836604,3,low,0.02,0.27431601438961695,0.004828610258463489,0.019574982909734473,2.0913967142181713,0.039149965819468946,-0.019574982909734473,IGNORE
640,4.123340357836604,3,medium,0.08,1.1718937348889396,0.019492710491706547,0.054931640625000056,2.361259673293514,0.10986328125000011,-0.054931640625000056,IGNORE
641,4.123340357836604,3,high,0.2,3.00340507575235,0.049270070908073144,0.13500976562500006,2.753311160695425,0.2700195312500001,-0.13500976562500006,IGNORE
642,4.123340357836604,4,low,0.02,0.3655169714674965,0.006332356653043378,0.019086701659734473,2.124940228569517,0.038173403319468946,-0.019086701659734473,IGNORE
643,4.123340357836604,4,medium,0.08,1.4171149687108469,0.023426358049508537,0.06591796875000006,2.4220622732917634,0.1318359375000001,-0.06591796875000006,IGNORE
644,4.123340357836604,4,high,0.2,3.6385025232195574,0.05991688357229057,0.16210937500000006,2.8689787899905315,0.3242187500000001,-0.16210937500000006,IGNORE
645,4.123340357836604,5,low,0.02,0.26458117746812154,0.004641960190200774,0.016401154784734473,2.089395713691569,0.032802309569468946,-0.016401154784734473,IGNORE
646,4.123340357836604,5,medium,0.08,1.2051719821966795,0.02000553297079768,0.056396484375000056,2.3702408554513372,0.11279296875000011,-0.056396484375000056,IGNORE
647,4.123340357836604,5,high,0.2,3.303169783177573,0.054258918964007766,0.14794921875000006,2.8121746375224386,0.2958984375000001,-0.14794921875000006,IGNORE
648,4.123340357836604,6,low,0.02,0.3036382322522333,0.005348869622762698,0.017133576659734473,2.1025145387901585,0.034267153319468946,-0.017133576659734473,IGNORE
649,4.123340357836604,6,medium,0.08,1.3020460536325404,0.0216011718721331,0.060791015625000056,2.3936002029291887,0.12158203125000011,-0.060791015625000056,IGNORE
650,4.123340357836604,6,high,0.2,3.187066594462285,0.052382735859485705,0.14282226562500006,2.792346111902712,0.2856445312500001,-0.14282226562500006,IGNORE
651,4.123340357836604,7,low,0.02,0.18185504016214069,0.0032495218917103314,0.012250764159734473,2.0569572871075597,0.024501528319468946,-0.012250764159734473,IGNORE
652,4.123340357836604,7,medium,0.08,1.0230736626070538,0.017066134948038013,0.048339843750000056,2.3240702013368804,0.09667968750000011,-0.048339843750000056,IGNORE
653,4.123340357836604,7,high,0.2,3.211787355323266,0.05285565465854577,0.14404296875000006,2.802222562999186,0.2880859375000001,-0.14404296875000006,IGNORE
654,4.123340357836604,8,low,0.02,0.2675619784194593,0.004689321819440241,0.013427734375000056,2.0912612628228286,0.02685546875000011,-0.013427734375000056,IGNORE
655,4.123340357836604,8,medium,0.08,1.181065652619602,0.019618376982970743,0.055419921875000056,2.364501278742903,0.11083984375000011,-0.055419921875000056,IGNORE
656,4.123340357836604,8,high,0.2,3.4663000312298684,0.05696816076401288,0.15478515625000006,2.836884418665323,0.3095703125000001,-0.15478515625000006,IGNORE
657,4.123340357836604,9,low,0.02,0.3402340985445572,0.005971233759243873,0.021728515625,2.120159575734765,0.04345703125,-0.021728515625,IGNORE
658,4.123340357836604,9,medium,0.08,1.3678343948250329,0.022701219937852145,0.06372070312500006,2.4143847151698266,0.1274414062500001,-0.06372070312500006,IGNORE
659,4.123340357836604,9,high,0.2,3.7581475415136163,0.0618163580155032,0.16723632812500006,2.8894106582779724,0.3344726562500001,-0.16723632812500006,IGNORE
660,4.319689898685965,0,low,0.02,0.2371762268417572,0.0042072705056660714,0.013931378477078343,2.110018832046424,0.027862756954156687,-0.013931378477078343,IGNORE
661,4.319689898685965,0,medium,0.08,1.1156357606810956,0.018590170577828028,0.05249023437500003,2.3771785796873335,0.10498046875000006,-0.05249023437500003,IGNORE
662,4.319689898685965,0,high,0.2,3.355363585009478,0.05521293781320273,0.15014648437500003,2.843174374724277,0.30029296875000006,-0.15014648437500003,IGNORE
663,4.319689898685965,1,low,0.02,0.3197458334121729,0.005721151434850852,0.025619402772921684,2.1402094869613157,0.05123880554584337,-0.025619402772921684,IGNORE
664,4.319689898685965,1,medium,0.08,1.3234496970039136,0.022091750584427625,0.06176757812500003,2.4300158898305995,0.12353515625000006,-0.06176757812500003,IGNORE
665,4.319689898685965,1,high,0.2,3.103563280052119,0.05100277553669143,0.13940429687500003,2.8008969790464917,0.27880859375000006,-0.13940429687500003,IGNORE
666,4.319689898685965,2,low,0.02,0.34408270831425714,0.0059805033206660006,0.018081769102078343,2.1501728615809106,0.03616353820415669,-0.018081769102078343,IGNORE
667,4.319689898685965,2,medium,0.08,1.3557797572082033,0.022456776932210844,0.06323242187500003,2.4376841893496612,0.12646484375000006,-0.06323242187500003,IGNORE
668,4.319689898685965,2,high,0.2,3.069902339387399,0.050473381699720626,0.13793945312500003,2.7930887817875867,0.27587890625000006,-0.13793945312500003,IGNORE
669,4.319689898685965,3,low,0.02,0.2743352850609072,0.004833373575298812,0.020004168397921684,2.1218152924933786,0.04000833679584337,-0.020004168397921684,IGNORE
670,4.319689898685965,3,medium,0.08,1.1719229531224136,0.01950002967664756,0.05493164062500003,2.3890745315767044,0.10986328125000006,-0.05493164062500003,IGNORE
671,4.319689898685965,3,high,0.2,3.1242328670582644,0.05144938330954904,0.14013671875000003,2.7987438136788994,0.28027343750000006,-0.14013671875000003,IGNORE
672,4.319689898685965,4,low,0.02,0.3655299635034893,0.006335604096215112,0.020004168397921684,2.156768243379563,0.04000833679584337,-0.020004168397921684,IGNORE
673,4.319689898685965,4,medium,0.08,1.4171572821351464,0.0234372757162792,0.06591796875000003,2.4513865659330123,0.13183593750000006,-0.06591796875000003,IGNORE
674,4.319689898685965,4,high,0.2,3.560865009801101,0.05856144688956567,0.15893554687500003,2.8802263896308897,0.31787109375000006,-0.15893554687500003,IGNORE
675,4.319689898685965,5,low,0.02,0.2645802578431001,0.004641719992023707,0.016586199647921684,2.117127409264527,0.03317239929584337,-0.016586199647921684,IGNORE
676,4.319689898685965,5,medium,0.08,1.2051710530135546,0.020005197952216974,0.05639648437500003,2.396397937567369,0.11279296875000006,-0.05639648437500003,IGNORE
677,4.319689898685965,5,high,0.2,3.3203963187729753,0.05455802713734909,0.14868164062500003,2.8392675434854926,0.29736328125000006,-0.14868164062500003,IGNORE
678,4.319689898685965,6,low,0.02,0.30366158496775947,0.005354637543666693,0.018539324647921684,2.1352288177147196,0.03707864929584337,-0.018539324647921684,IGNORE
679,4.319689898685965,6,medium,0.08,1.307601021393214,0.02170915341789959,0.06103515625000003,2.4246809555636366,0.12207031250000006,-0.06103515625000003,IGNORE
680,4.319689898685965,6,high,0.2,3.186743856181656,0.05229607212514539,0.14282226562500003,2.809586499868056,0.28564453125000006,-0.14282226562500003,IGNORE
681,4.319689898685965,7,low,0.02,0.18188469722308753,0.003256936277196573,0.013168230897921684,2.088962341091498,0.02633646179584337,-0.013168230897921684,IGNORE
682,4.319689898685965,7,medium,0.08,1.023154862052283,0.017086928046076293,0.04833984375000003,2.3543694900633403,0.09667968750000006,-0.04833984375000003,IGNORE
683,4.319689898685965,7,high,0.2,3.132977530788509,0.05152433248496735,0.14062500000000003,2.8040682434009847,0.28125000000000006,-0.14062500000000003,IGNORE
684,4.319689898685965,8,low,0.02,0.2675841248517943,0.004694888657326249,0.014144793397921684,2.1223905304584454,0.02828958679584337,-0.014144793397921684,IGNORE
685,4.319689898685965,8,medium,0.08,1.1811181198423948,0.019631869959542646,0.05541992187500003,2.3944836912009633,0.11083984375000006,-0.05541992187500003,IGNORE
686,4.319689898685965,8,high,0.2,3.4663234594816146,0.056974353278491784,0.15478515625000003,2.8596843341734575,0.30957031250000006,-0.15478515625000003,IGNORE
687,4.319689898685965,9,low,0.02,0.3402482408634813,0.00597486392110033,0.021728515625,2.1464969855835294,0.04345703125,-0.021728515625,IGNORE
688,4.319689898685965,9,medium,0.08,1.3622721939790432,0.022596978737287464,0.06347656250000003,2.4376838840655455,0.12695312500000006,-0.06347656250000003,IGNORE
689,4.319689898685965,9,high,0.2,3.758073094952639,0.061796096670813185,0.16723632812500003,2.9100063782627608,0.33447265625000006,-0.16723632812500003,IGNORE
690,4.516039439535327,0,low,0.02,0.23716413447909682,0.004204284478824231,0.013040145848210088,2.0707146462255412,0.026080291696420177,-0.013040145848210088,IGNORE
691,4.516039439535327,0,medium,0.08,1.1155657880035157,0.018572210371117705,0.05249023437500003,2.340600110719692,0.10498046875000006,-0.05249023437500003,IGNORE
692,4.516039439535327,0,high,0.2,3.343704704039894,0.0549540292169075,0.14965820312500003,2.806225959598673,0.29931640625000006,-0.14965820312500003,IGNORE
693,4.516039439535327,1,low,0.02,0.31979625798948463,0.005733171566563874,0.02640994267857985,2.115024763523908,0.0528198853571597,-0.02640994267857985,IGNORE
694,4.516039439535327,1,medium,0.08,1.334584504225592,0.02231052323349536,0.06386415102678994,2.409626949782832,0.12772830205357988,-0.06386415102678994,IGNORE
695,4.516039439535327,1,high,0.2,3.1038910688859973,0.05109015543833882,0.13940429687500003,2.777708156557253,0.27880859375000006,-0.13940429687500003,IGNORE
696,4.516039439535327,2,low,0.02,0.3047896697708457,0.0054770790087839884,0.02543338017857985,2.108571614454347,0.0508667603571597,-0.02543338017857985,IGNORE
697,4.516039439535327,2,medium,0.08,1.3138216842614105,0.02194975601349309,0.06127929687500003,2.4021636684073133,0.12255859375000006,-0.06127929687500003,IGNORE
698,4.516039439535327,2,high,0.2,2.995264134657939,0.04918184229234205,0.13476562500000003,2.7491664072918383,0.26953125000000006,-0.13476562500000003,IGNORE
699,4.516039439535327,3,low,0.02,0.27434052280008486,0.004834614943887045,0.01991883852678994,2.0891293179725072,0.03983767705357988,-0.01991883852678994,IGNORE
700,4.516039439535327,3,medium,0.08,1.133676067654966,0.018843790016748005,0.05322265625000003,2.3444862384491785,0.10644531250000006,-0.05322265625000003,IGNORE
701,4.516039439535327,3,high,0.2,3.194310722665123,0.05254812988429116,0.14306640625000003,2.7834765852958725,0.28613281250000006,-0.14306640625000003,IGNORE
702,4.516039439535327,4,low,0.02,0.36553723020147705,0.006337394350469115,0.02065126040178994,2.1253826494242687,0.04130252080357988,-0.02065126040178994,IGNORE
703,4.516039439535327,4,medium,0.08,1.4172084226702037,0.02345043361865987,0.06591796875000003,2.4225024862819033,0.13183593750000006,-0.06591796875000003,IGNORE
704,4.516039439535327,4,high,0.2,3.5551260026775306,0.0584702495337486,0.15869140625000003,2.851263948141594,0.31738281250000006,-0.15869140625000003,IGNORE
705,4.516039439535327,5,low,0.02,0.26974811083879013,0.004725277874853365,0.01698915102678994,2.083892603437336,0.03397830205357988,-0.01698915102678994,IGNORE
706,4.516039439535327,5,medium,0.08,1.2051874960254285,0.020009260483795012,0.05639648437500003,2.3646362083134465,0.11279296875000006,-0.05639648437500003,IGNORE
707,4.516039439535327,5,high,0.2,3.3320503140706244,0.05479496979211826,0.14916992187500003,2.816829734453208,0.29833984375000006,-0.14916992187500003,IGNORE
708,4.516039439535327,6,low,0.02,0.3036784682369097,0.0053587241274635385,0.01943055727678994,2.105875756875176,0.03886111455357988,-0.01943055727678994,IGNORE
709,4.516039439535327,6,medium,0.08,1.3076787794779994,0.021729057574583623,0.06103515625000003,2.3972531832790507,0.12207031250000006,-0.06103515625000003,IGNORE
710,4.516039439535327,6,high,0.2,3.1866699926833366,0.05227616519336199,0.14282226562500003,2.779612454129304,0.28564453125000006,-0.14282226562500003,IGNORE
711,4.516039439535327,7,low,0.02,0.1869205144151434,0.003345446947754991,0.01357118227678994,2.05992641237573,0.02714236455357988,-0.01357118227678994,IGNORE
712,4.516039439535327,7,medium,0.08,1.0232627340532499,0.01711448136834304,0.04833984375000003,2.326562251063037,0.09667968750000006,-0.04833984375000003,IGNORE
713,4.516039439535327,7,high,0.2,3.13296072080262,0.051519606376508244,0.14062500000000003,2.774381531650353,0.28125000000000006,-0.14062500000000003,IGNORE
714,4.516039439535327,8,low,0.02,0.26760011372251713,0.004698891243889261,0.01503602602678994,2.0906536044469384,0.03007205205357988,-0.01503602602678994,IGNORE
715,4.516039439535327,8,medium,0.08,1.1812121242613507,0.019655980039556393,0.05541992187500003,2.3662658635847196,0.11083984375000006,-0.05541992187500003,IGNORE
716,4.516039439535327,8,high,0.2,3.460792631123863,0.05691818899508179,0.15454101562500003,2.832831025178575,0.30908203125000006,-0.15454101562500003,IGNORE
717,4.516039439535327,9,low,0.02,0.3402467519357677,0.005974529462262391,0.021240234375,2.110200910106638,0.04248046875,-0.021240234375,IGNORE
718,4.516039439535327,9,medium,0.08,1.3622647658190106,0.022594989807727093,0.06347656250000003,2.4046426951829662,0.12695312500000006,-0.06347656250000003,IGNORE
719,4.516039439535327,9,high,0.2,3.746514096438987,0.06160987515928155,0.16674804687500003,2.8804618507955584,0.33349609375000006,-0.16674804687500003,IGNORE
720,4.71238898038469,0,low,0.02,0.23720629939498808,0.004214676668730041,0.015771484374999978,2.000878267402176,0.031542968749999956,-0.015771484374999978,IGNORE
721,4.71238898038469,0,medium,0.08,1.1265979377263324,0.01879442367087003,0.05297851562500003,2.2790086899440896,0.10595703125000006,-0.05297851562500003,IGNORE
722,4.71238898038469,0,high,0.2,3.2696446994112254,0.053673198693249324,0.14648437500000003,2.724714608631232,0.29296875000000006,-0.14648437500000003,IGNORE
723,4.71238898038469,1,low,0.02,0.3041723635227658,0.005455987743651603,0.02524414062500005,2.003297300264989,0.0504882812500001,-0.02524414062500005,IGNORE
724,4.71238898038469,1,medium,0.08,1.2849771296967711,0.02142620873352545,0.06005859375000003,2.2990470989378853,0.12011718750000006,-0.06005859375000003,IGNORE
725,4.71238898038469,1,high,0.2,3.1269994768027103,0.05158351034001763,0.14038085937500003,2.723306313009984,0.28076171875000006,-0.14038085937500003,IGNORE
726,4.71238898038469,2,low,0.02,0.2996360259610567,0.005386629792710406,0.02475585937500005,2.0174902416297975,0.0495117187500001,-0.02475585937500005,IGNORE
727,4.71238898038469,2,medium,0.08,1.2863886890806602,0.021495388396242217,0.06005859375000003,2.313126174300807,0.12011718750000006,-0.06005859375000003,IGNORE
728,4.71238898038469,2,high,0.2,3.45473376689825,0.05719259790504684,0.15429687500000003,2.7874276854516715,0.30859375000000006,-0.15429687500000003,IGNORE
729,4.71238898038469,3,low,0.02,0.2589946880623837,0.004558406174788778,0.018115234374999928,2.0101768287677766,0.036230468749999856,-0.018115234374999928,IGNORE
730,4.71238898038469,3,medium,0.08,1.1558501500836025,0.019255288099668123,0.05419921875000003,2.286603236610966,0.10839843750000006,-0.05419921875000003,IGNORE
731,4.71238898038469,3,high,0.2,3.1329382015567835,0.05165602309693781,0.14038085937500003,2.711754187760675,0.28076171875000006,-0.14038085937500003,IGNORE
732,4.71238898038469,4,low,0.02,0.36027089366526743,0.006258638537545273,0.01816406250000005,2.0369900854862575,0.0363281250000001,-0.01816406250000005,IGNORE
733,4.71238898038469,4,medium,0.08,1.4006577084596143,0.023177373722250035,0.06518554687500003,2.3383165322850736,0.13037109375000006,-0.06518554687500003,IGNORE
734,4.71238898038469,4,high,0.2,3.3405100937835472,0.05504955911033503,0.14941406250000003,2.7530313387274132,0.29882812500000006,-0.14941406250000003,IGNORE
735,4.71238898038469,5,low,0.02,0.269768784124945,0.004730310044104796,0.017968749999999978,2.004703344714723,0.035937499999999956,-0.017968749999999978,IGNORE
736,4.71238898038469,5,medium,0.08,1.2108281585001204,0.020112949896856212,0.05664062500000003,2.2931518333619287,0.11328125000000006,-0.05664062500000003,IGNORE
737,4.71238898038469,5,high,0.2,3.3323544118744524,0.05487640446453252,0.14916992187500003,2.756927236446966,0.29833984375000006,-0.14916992187500003,IGNORE
738,4.71238898038469,6,low,0.02,0.30362283062260104,0.005344851250912864,0.01840820312500005,2.007074465152266,0.0368164062500001,-0.01840820312500005,IGNORE
739,4.71238898038469,6,medium,0.08,1.2746559099889243,0.02114695415180152,0.05957031250000003,2.2978985075250504,0.11914062500000006,-0.05957031250000003,IGNORE
740,4.71238898038469,6,high,0.2,3.134903470193487,0.051486122177862685,0.14062500000000003,2.7093282773267453,0.28125000000000006,-0.14062500000000003,IGNORE
741,4.71238898038469,7,low,0.02,0.18686933916945786,0.0033326839628907527,0.01123046875,1.9739060135534925,0.0224609375,-0.01123046875,IGNORE
742,4.71238898038469,7,medium,0.08,1.0122937463181594,0.016919532891466076,0.04785156250000003,2.2452144406294856,0.09570312500000006,-0.04785156250000003,IGNORE
743,4.71238898038469,7,high,0.2,3.1886373461053723,0.05239375225652519,0.14306640625000003,2.720059263070273,0.28613281250000006,-0.14306640625000003,IGNORE
744,4.71238898038469,8,low,0.02,0.25741678059573125,0.004521608312800057,0.012939453125000028,2.0035001985526875,0.025878906250000056,-0.012939453125000028,IGNORE
745,4.71238898038469,8,medium,0.08,1.1703221496533138,0.01947400813757051,0.05493164062500003,2.2875447330788514,0.10986328125000006,-0.05493164062500003,IGNORE
746,4.71238898038469,8,high,0.2,3.4552944410552344,0.05689718421653703,0.15429687500000003,2.7705032785398562,0.30859375000000006,-0.15429687500000003,IGNORE
747,4.71238898038469,9,low,0.02,0.3403200417512075,0.0059916664837841565,0.025292968749999978,2.0411560440451466,0.050585937499999956,-0.025292968749999978,IGNORE
748,4.71238898038469,9,medium,0.08,1.3788746688518003,0.022938979390388026,0.06630859374999998,2.346021085892941,0.13261718749999996,-0.06630859374999998,IGNORE
749,4.71238898038469,9,high,0.2,3.740788451745702,0.06153966818020375,0.16650390625000003,2.816000920445939,0.33300781250000006,-0.16650390625000003,IGNORE
750,4.908738521234052,0,low,0.02,0.23722944279935304,0.004220360294756975,0.01617716264102015,1.8924752234299258,0.0323543252820403,-0.01617716264102015,IGNORE
751,4.908738521234052,0,medium,0.08,1.1320902892228997,0.018910569323271592,0.05426310014102015,2.1802242954597357,0.1085262002820403,-0.05426310014102015,IGNORE
752,4.908738521234052,0,high,0.2,3.3213213547580662,0.05465223886745589,0.148681640625,2.660417634841785,0.29736328125,-0.148681640625,IGNORE
753,4.908738521234052,1,low,0.02,0.30413869493170104,0.005448002751961868,0.023861899858979865,1.8866185409705833,0.04772379971795973,-0.023861899858979865,IGNORE
754,4.908738521234052,1,medium,0.08,1.2685447938874919,0.021135788280921688,0.059326171875000014,2.1881329656469477,0.11865234375000003,-0.059326171875000014,IGNORE
755,4.908738521234052,1,high,0.2,3.150695020095892,0.052203489863848956,0.14166544389102015,2.648687650511376,0.2833308877820403,-0.14166544389102015,IGNORE
756,4.908738521234052,2,low,0.02,0.29962172278334304,0.005382944765589196,0.025082602983979865,1.9060565407089094,0.05016520596795973,-0.025082602983979865,IGNORE
757,4.908738521234052,2,medium,0.08,1.2864361679401681,0.02150759445777261,0.060058593750000014,2.2106493049629448,0.12011718750000003,-0.060058593750000014,IGNORE
758,4.908738521234052,2,high,0.2,3.0715352891973176,0.05080843456006313,0.137939453125,2.6295579093303263,0.27587890625,-0.137939453125,IGNORE
759,4.908738521234052,3,low,0.02,0.2590355100133902,0.0045685314568328535,0.019170731532040283,1.902987213784464,0.038341463064080566,-0.019170731532040283,IGNORE
760,4.908738521234052,3,medium,0.08,1.1668545483593467,0.01946533729396245,0.05646036576602015,2.189963766209442,0.1129207315320403,-0.05646036576602015,IGNORE
761,4.908738521234052,3,high,0.2,3.101123462087108,0.051090181106604085,0.13916015625,2.6150460085495126,0.2783203125,-0.13916015625,IGNORE
762,4.908738521234052,4,low,0.02,0.3348146074730292,0.005954671811789766,0.023013100141020135,1.9333293795255493,0.04602620028204027,-0.023013100141020135,IGNORE
763,4.908738521234052,4,medium,0.08,1.3951927580442067,0.02309260601981393,0.06494140625000001,2.233844007410231,0.12988281250000003,-0.06494140625000001,IGNORE
764,4.908738521234052,4,high,0.2,3.49884050441283,0.05774971140242361,0.15625,2.700924670248107,0.3125,-0.15625,IGNORE
765,4.908738521234052,5,low,0.02,0.2697676965159932,0.004729927041433633,0.01788614701602015,1.894484898044622,0.0357722940320403,-0.01788614701602015,IGNORE
766,4.908738521234052,5,medium,0.08,1.216358862009358,0.020214305204465047,0.05841349076602015,2.1926292908271887,0.1168269815320403,-0.05841349076602015,IGNORE
767,4.908738521234052,5,high,0.2,3.2807226295426535,0.053992897392032585,0.14697265625,2.6540732670816363,0.2939453125,-0.14697265625,IGNORE
768,4.908738521234052,6,low,0.02,0.3141692997198504,0.0055646193899909395,0.020688071733979865,1.8975096821244264,0.04137614346795973,-0.020688071733979865,IGNORE
769,4.908738521234052,6,medium,0.08,1.2799216206631532,0.0212798091146346,0.059814453125000014,2.1962066195662584,0.11962890625000003,-0.059814453125000014,IGNORE
770,4.908738521234052,6,high,0.2,3.2565496026706513,0.05374109010496564,0.145751953125,2.657271565760047,0.29150390625,-0.145751953125,IGNORE
771,4.908738521234052,7,low,0.02,0.1868601878528967,0.003330380955366112,0.0107421875,1.8624022079136795,0.021484375,-0.0107421875,IGNORE
772,4.908738521234052,7,medium,0.08,1.0178324790540012,0.01702920859543032,0.048095703125000014,2.14462618326884,0.09619140625000003,-0.048095703125000014,IGNORE
773,4.908738521234052,7,high,0.2,3.2695687313984294,0.05396027529572101,0.146484375,2.6636216338401364,0.29296875,-0.146484375,IGNORE
774,4.908738521234052,8,low,0.02,0.2574253759205775,0.004523763953940723,0.013491615766020149,1.8930559539663547,0.026983231532040297,-0.013491615766020149,IGNORE
775,4.908738521234052,8,medium,0.08,1.1813670895458277,0.01967517319468081,0.055419921875000014,2.1893451485706894,0.11083984375000003,-0.055419921875000014,IGNORE
776,4.908738521234052,8,high,0.2,3.421076461779099,0.05640303804414247,0.15283203125,2.6775931279057086,0.3056640625,-0.15283203125,IGNORE
777,4.908738521234052,9,low,0.02,0.34037292620230897,0.006004459206598134,0.02521036576602015,1.9338338707447895,0.0504207315320403,-0.02521036576602015,IGNORE
778,4.908738521234052,9,medium,0.08,1.38462600966493,0.023076584868187963,0.06891153764102015,2.250422991157495,0.1378230752820403,-0.06891153764102015,IGNORE
779,4.908738521234052,9,high,0.2,3.7350517689278346,0.061485743221432715,0.166259765625,2.7275489425507846,0.33251953125,-0.166259765625,IGNORE
780,5.105088062083414,0,low,0.02,0.25844308128600835,0.004647640931721066,0.020525140626829086,1.7713311048114826,0.04105028125365817,-0.020525140626829086,IGNORE
781,5.105088062083414,0,medium,0.08,1.209201043933092,0.020200774339017683,0.061296625001829086,2.0765192234265446,0.12259325000365817,-0.061296625001829086,IGNORE
782,5.105088062083414,0,high,0.2,3.333171949325342,0.054943852299781,0.149169921875,2.562750314692847,0.29833984375,-0.149169921875,IGNORE
783,5.105088062083414,1,low,0.02,0.3041340678634492,0.005447519608899557,0.0224436093731709,1.7541376861536608,0.0448872187463418,-0.0224436093731709,IGNORE
784,5.105088062083414,1,medium,0.08,1.2574568078682309,0.020934788425420705,0.058837890624999986,2.0649450698030876,0.11767578124999997,-0.058837890624999986,IGNORE
785,5.105088062083414,1,high,0.2,3.2645820656544906,0.05415977013815424,0.14772240625182909,2.5707214618979384,0.29544481250365817,-0.14772240625182909,IGNORE
786,5.105088062083414,2,low,0.02,0.29962131955860993,0.005382760740573145,0.0256174374981709,1.7762678414522353,0.0512348749963418,-0.0256174374981709,IGNORE
787,5.105088062083414,2,medium,0.08,1.2811248047629293,0.021432917361748696,0.059814453124999986,2.090638693258779,0.11962890624999997,-0.059814453124999986,IGNORE
788,5.105088062083414,2,high,0.2,3.3289525432697653,0.05522745277503181,0.14892578125,2.5710605477072583,0.2978515625,-0.14892578125,IGNORE
789,5.105088062083414,3,low,0.02,0.27433977160225864,0.004834525685189666,0.017595453126829086,1.7656093856194084,0.03519090625365817,-0.017595453126829086,IGNORE
790,5.105088062083414,3,medium,0.08,1.1883091542697577,0.01978775206086412,0.058122796876829086,2.0619646408253005,0.11624559375365817,-0.058122796876829086,IGNORE
791,5.105088062083414,3,high,0.2,3.1870568354783355,0.05246257878127286,0.142822265625,2.5255510322320944,0.28564453125,-0.142822265625,IGNORE
792,5.105088062083414,4,low,0.02,0.3348313948981654,0.005958738495728109,0.0239431093768291,1.8060169188961948,0.0478862187536582,-0.0239431093768291,IGNORE
793,5.105088062083414,4,medium,0.08,1.3896554906583787,0.023015121773036606,0.06469726562499999,2.1144355651818056,0.12939453124999997,-0.06469726562499999,IGNORE
794,5.105088062083414,4,high,0.2,3.5847921511000087,0.059198374544223546,0.159912109375,2.6139184046869475,0.31982421875,-0.159912109375,IGNORE
795,5.105088062083414,5,low,0.02,0.26978204582536325,0.004733343785364922,0.017839593751829086,1.7674181183610265,0.03567918750365817,-0.017839593751829086,IGNORE
796,5.105088062083414,5,medium,0.08,1.22201174317332,0.020331263055853047,0.060320062501829086,2.07747256507861,0.12064012500365817,-0.060320062501829086,IGNORE
797,5.105088062083414,5,high,0.2,3.281259031131296,0.05413463399370656,0.14697265625,2.556884451144228,0.2939453125,-0.14697265625,IGNORE
798,5.105088062083414,6,low,0.02,0.3091372169753649,0.005477097255514202,0.02001953125,1.7656655282894622,0.0400390625,-0.02001953125,IGNORE
799,5.105088062083414,6,medium,0.08,1.2743889354015043,0.021195034940071793,0.059570312499999986,2.076368443691462,0.11914062499999997,-0.059570312499999986,IGNORE
800,5.105088062083414,6,high,0.2,3.263298998633651,0.05408792547660018,0.14821068750182909,2.5643110644631038,0.29642137500365817,-0.14821068750182909,IGNORE
801,5.105088062083414,7,low,0.02,0.1868706282225578,0.0033329865145880462,0.011003656251829086,1.7344641482299792,0.022007312503658172,-0.011003656251829086,IGNORE
802,5.105088062083414,7,medium,0.08,1.0179709470676233,0.017064263964844728,0.049351062503658186,2.0271415262795616,0.09870212500731637,-0.049351062503658186,IGNORE
803,5.105088062083414,7,high,0.2,3.2646126794383927,0.05407588984383002,0.146240234375,2.5671824993152326,0.29248046875,-0.146240234375,IGNORE
804,5.105088062083414,8,low,0.02,0.2574306363275885,0.004525081253595512,0.013689203126829086,1.7652196956371118,0.027378406253658172,-0.013689203126829086,IGNORE
805,5.105088062083414,8,medium,0.08,1.1869085319446822,0.0197957758842464,0.056187000003658186,2.073887234355227,0.11237400000731637,-0.056187000003658186,IGNORE
806,5.105088062083414,8,high,0.2,3.404523717878516,0.05628608369236279,0.15382592187682909,2.5781705136543414,0.30765184375365817,-0.15382592187682909,IGNORE
807,5.105088062083414,9,low,0.02,0.34044020101167166,0.006020573484781947,0.024919671876829086,1.8090989241842657,0.04983934375365817,-0.024919671876829086,IGNORE
808,5.105088062083414,9,medium,0.08,1.3848623532375228,0.02313551887613639,0.07057396875182909,2.136970236467576,0.14114793750365817,-0.07057396875182909,IGNORE
809,5.105088062083414,9,high,0.2,3.7124420993645595,0.061189889003658196,0.165283203125,2.6254900232543097,0.33056640625,-0.165283203125,IGNORE
810,5.301437602932776,0,low,0.02,0.25827554249814866,0.004605767429846629,0.018454655655695595,1.6372226183483685,0.03690931131139119,-0.018454655655695595,IGNORE
811,5.301437602932776,0,medium,0.08,1.2304991968159364,0.020504129589244864,0.060202702530695595,1.9568147573595043,0.12040540506139119,-0.060202702530695595,IGNORE
812,5.301437602932776,0,high,0.2,3.3733254796486354,0.0557095985342494,0.1512671556556956,2.462436251320665,0.3025343113113912,-0.1512671556556956,IGNORE
813,5.301437602932776,1,low,0.02,0.3394164266828953,0.005971982296733336,0.022360905655695595,1.6727986453514072,0.04472181131139119,-0.022360905655695595,IGNORE
814,5.301437602932776,1,medium,0.08,1.399582136168251,0.023318066086348423,0.0694800462806956,2.0101868082285406,0.1389600925613912,-0.0694800462806956,IGNORE
815,5.301437602932776,1,high,0.2,3.271733884989337,0.05461834118445203,0.15580579568639116,2.473714859369041,0.3116115913727823,-0.15580579568639116,IGNORE
816,5.301437602932776,2,low,0.02,0.2996210642659309,0.0053826758083167225,0.02587890625,1.640577839668722,0.0517578125,-0.02587890625,IGNORE
817,5.301437602932776,2,medium,0.08,1.281239150812839,0.021461889385227778,0.06083509256139116,1.9664198552251895,0.12167018512278233,-0.06083509256139116,IGNORE
818,5.301437602932776,2,high,0.2,3.4609658390824753,0.05748613964392908,0.1585913744056956,2.4821469288563645,0.3171827488113912,-0.1585913744056956,IGNORE
819,5.301437602932776,3,low,0.02,0.2743226090152638,0.004830126312846316,0.016989811905695595,1.6298388645075979,0.03397962381139119,-0.016989811905695595,IGNORE
820,5.301437602932776,3,medium,0.08,1.1993949348305664,0.01997772349983037,0.059470280655695595,1.9390868096410308,0.11894056131139119,-0.059470280655695595,IGNORE
821,5.301437602932776,3,high,0.2,3.1647463870952937,0.052254800296049,0.1444312181556956,2.418976879247015,0.2888624363113912,-0.1444312181556956,IGNORE
822,5.301437602932776,4,low,0.02,0.35513335243180477,0.006172389448488918,0.018454655655695595,1.658494190305745,0.03690931131139119,-0.018454655655695595,IGNORE
823,5.301437602932776,4,medium,0.08,1.384258817070345,0.02294472266231457,0.0648413744056956,1.9891575387370461,0.1296827488113912,-0.0648413744056956,IGNORE
824,5.301437602932776,4,high,0.2,3.4606451377978718,0.05761999050651559,0.1612769212806956,2.5003623877788153,0.3225538425613912,-0.1612769212806956,IGNORE
825,5.301437602932776,5,low,0.02,0.2698126994423102,0.0047407127280788474,0.017722233780695595,1.6335551967532524,0.03544446756139119,-0.017722233780695595,IGNORE
826,5.301437602932776,5,medium,0.08,1.2276561335724696,0.020466714510316703,0.061911686905695595,1.955907240575491,0.12382337381139119,-0.061911686905695595,IGNORE
827,5.301437602932776,5,high,0.2,3.2879015392078044,0.054461489124965665,0.1495581712806956,2.457280741864765,0.2991163425613912,-0.1495581712806956,IGNORE
828,5.301437602932776,6,low,0.02,0.293550314568802,0.005214705405301327,0.019775390625,1.6273138047208042,0.03955078125,-0.019775390625,IGNORE
829,5.301437602932776,6,medium,0.08,1.2636140408873384,0.02104189463304057,0.060935124405695595,1.9516701654074204,0.12187024881139119,-0.060935124405695595,IGNORE
830,5.301437602932776,6,high,0.2,3.200090125296247,0.053467382636298084,0.15287610818639116,2.4549986347114254,0.3057522163727823,-0.15287610818639116,IGNORE
831,5.301437602932776,7,low,0.02,0.18688489031802444,0.0033365142457577827,0.011374577530695595,1.5998174581335298,0.02274915506139119,-0.011374577530695595,IGNORE
832,5.301437602932776,7,medium,0.08,1.0182606587451248,0.017136947758425947,0.05351087381139117,1.905657671672128,0.10702174762278234,-0.05351087381139117,IGNORE
833,5.301437602932776,7,high,0.2,3.2657903443053904,0.054377222566558685,0.15360853006139116,2.466924594897228,0.3072170601227823,-0.15360853006139116,IGNORE
834,5.301437602932776,8,low,0.02,0.25745291143086213,0.004530641470464099,0.01444837381139117,1.6310124304556464,0.02889674762278234,-0.01444837381139117,IGNORE
835,5.301437602932776,8,medium,0.08,1.1871468159020013,0.019855674912483794,0.06010267068639116,1.9519166255846812,0.12020534137278233,-0.06010267068639116,IGNORE
836,5.301437602932776,8,high,0.2,3.30882254760471,0.05507889176120735,0.1549292650306956,2.4687548540333597,0.3098585300613912,-0.1549292650306956,IGNORE
837,5.301437602932776,9,low,0.02,0.366442018261981,0.006452318599177183,0.02689954568639117,1.6943604780737425,0.05379909137278234,-0.02689954568639117,IGNORE
838,5.301437602932776,9,medium,0.08,1.4236591147130162,0.0239072171856788,0.0707007494056956,1.9792144447488527,0.1414014988113912,-0.0707007494056956,IGNORE
839,5.301437602932776,9,high,0.2,3.6958185359705653,0.06106381809492091,0.1646948900306956,2.521052850932338,0.3293897800613912,-0.1646948900306956,IGNORE
840,5.497787143782138,0,low,0.02,0.2425345112387325,0.004359019771407447,0.017442769672119517,1.503246802896835,0.03488553934423903,-0.017442769672119517,IGNORE
841,5.497787143782138,0,medium,0.08,1.2093451840267693,0.020235923008334072,0.062120504047119524,1.831633590858162,0.12424100809423905,-0.062120504047119524,IGNORE
842,5.497787143782138,0,high,0.2,3.3685973467253865,0.05588008591692008,0.15635878529711952,2.3606960606893956,0.31271757059423905,-0.15635878529711952,IGNORE
843,5.497787143782138,1,low,0.02,0.34462459188642597,0.00604901390091542,0.021416697336059776,1.540626980181771,0.04283339467211955,-0.021416697336059776,IGNORE
844,5.497787143782138,1,medium,0.08,1.4053221331754142,0.023465180191660634,0.07115370717211952,1.890488785700142,0.14230741434423905,-0.07115370717211952,IGNORE
845,5.497787143782138,1,high,0.2,3.2741537270843963,0.05521190659032671,0.16368300404711952,2.379284684062303,0.32736600809423905,-0.16368300404711952,IGNORE
846,5.497787143782138,2,low,0.02,0.2995999185726346,0.005377297129849643,0.026123046875,1.5057071584571053,0.05224609375,-0.026123046875,IGNORE
847,5.497787143782138,2,medium,0.08,1.281480329807623,0.021522284075308526,0.06382948842211952,1.8450687374632384,0.12765897684423905,-0.06382948842211952,IGNORE
848,5.497787143782138,2,high,0.2,3.3775390432433223,0.05657913176993537,0.16221816029711952,2.3784031583844807,0.32443632059423905,-0.16221816029711952,IGNORE
849,5.497787143782138,3,low,0.02,0.27432544322061414,0.00483047652163549,0.016778025461059776,1.4976130558692948,0.03355605092211955,-0.016778025461059776,IGNORE
850,5.497787143782138,3,medium,0.08,1.1995623983132708,0.020018875623904316,0.060235056711059776,1.8176278957536414,0.12047011342211955,-0.060235056711059776,IGNORE
851,5.497787143782138,3,high,0.2,3.0697529735452234,0.05127691141286431,0.14927870717211952,2.312357621746841,0.29855741434423905,-0.14927870717211952,IGNORE
852,5.497787143782138,4,low,0.02,0.34002972013779587,0.006049688487072867,0.02507880671105974,1.5387122108136126,0.05015761342211948,-0.02507880671105974,IGNORE
853,5.497787143782138,4,medium,0.08,1.3789757924552348,0.022902756063099883,0.06633857233605978,1.8673934548145625,0.13267714467211955,-0.06633857233605978,IGNORE
854,5.497787143782138,4,high,0.2,3.515329208298506,0.05921342298501047,0.17100722279711952,2.417759610156189,0.34201444559423905,-0.17100722279711952,IGNORE
855,5.497787143782138,5,low,0.02,0.2381756675317426,0.004202183840336391,0.013604197336059776,1.4761701123201223,0.02720839467211955,-0.013604197336059776,IGNORE
856,5.497787143782138,5,medium,0.08,1.2389126530715362,0.020697153998735947,0.06358534779711952,1.8372114578790821,0.12717069559423905,-0.06358534779711952,IGNORE
857,5.497787143782138,5,high,0.2,3.300978929393355,0.05506665524647697,0.15831191029711952,2.3630780896943495,0.31662382059423905,-0.15831191029711952,IGNORE
858,5.497787143782138,6,low,0.02,0.2935574532778217,0.0052163006613598385,0.02001953125,1.4966877122587408,0.0400390625,-0.02001953125,IGNORE
859,5.497787143782138,6,medium,0.08,1.2529427698003985,0.020915776328012742,0.062188181711059776,1.8306505354928833,0.12437636342211955,-0.062188181711059776,IGNORE
860,5.497787143782138,6,high,0.2,3.276727980788719,0.055085695413972645,0.16172987904711952,2.3682163307206823,0.32345975809423905,-0.16172987904711952,IGNORE
861,5.497787143782138,7,low,0.02,0.16336977139863185,0.0029339486474244257,0.012071675922119517,1.4605322433294516,0.024143351844239033,-0.012071675922119517,IGNORE
862,5.497787143782138,7,medium,0.08,0.9768234582368004,0.016655028720742145,0.056749410297119524,1.7794846569637794,0.11349882059423905,-0.056749410297119524,IGNORE
863,5.497787143782138,7,high,0.2,3.2792471681603876,0.055059699473276595,0.16148573842211952,2.372206368359883,0.32297147684423905,-0.16148573842211952,IGNORE
864,5.497787143782138,8,low,0.02,0.25747182229782284,0.00453533136040642,0.015001363422119517,1.498135009607446,0.030002726844239033,-0.015001363422119517,IGNORE
865,5.497787143782138,8,medium,0.08,1.1875978521893416,0.01996709148288933,0.06334120717211952,1.8334298428691271,0.12668241434423905,-0.06334120717211952,IGNORE
866,5.497787143782138,8,high,0.2,3.3675966661729646,0.0564229439685244,0.16270644154711952,2.37749806294378,0.32541288309423905,-0.16270644154711952,IGNORE
867,5.497787143782138,9,low,0.02,0.3716441744901083,0.006565677916468217,0.026720113422119517,1.5655089621988543,0.05344022684423903,-0.026720113422119517,IGNORE
868,5.497787143782138,9,medium,0.08,1.4191077118129485,0.024064494756099855,0.07945448842211952,1.918944519596566,0.15890897684423905,-0.07945448842211952,IGNORE
869,5.497787143782138,9,high,0.2,3.6683826898309624,0.06090086336936693,0.16880995717211952,2.4193580472266194,0.33761991434423905,-0.16880995717211952,IGNORE
870,5.6941366846315,0,low,0.02,0.2884799096807059,0.0050751406146279585,0.017479371462555647,1.3899156233526087,0.034958742925111294,-0.017479371462555647,IGNORE
871,5.6941366846315,0,medium,0.08,1.2044079479938847,0.020281367321905677,0.06411023083755565,1.7197518961670502,0.1282204616751113,-0.06411023083755565,IGNORE
872,5.6941366846315,0,high,0.2,3.309052214899088,0.055598241216589114,0.16225476208755565,2.2670558981855677,0.3245095241751113,-0.16225476208755565,IGNORE
873,5.6941366846315,1,low,0.02,0.3253345112449162,0.005897569043017324,0.024071168337555647,1.4258417701711619,0.048142336675111294,-0.024071168337555647,IGNORE
874,5.6941366846315,1,medium,0.08,1.4112209908026219,0.023649004039842592,0.07289929333755565,1.7791352357296726,0.1457985866751113,-0.07289929333755565,IGNORE
875,5.6941366846315,1,high,0.2,3.4135686847130895,0.05778403803223712,0.17006726208755565,2.3027530301751167,0.3401345241751113,-0.17006726208755565,IGNORE
876,5.6941366846315,2,low,0.02,0.29961067031874344,0.005379905079887731,0.0263671875,1.3825574884751386,0.052734375,-0.0263671875,IGNORE
877,5.6941366846315,2,medium,0.08,1.281926338170001,0.02163277465373823,0.06606335583755565,1.7337262671652875,0.1321267116751113,-0.06606335583755565,IGNORE
878,5.6941366846315,2,high,0.2,3.3812912080847264,0.057426709282639946,0.16860241833755565,2.2924729033777367,0.3372048366751113,-0.16860241833755565,IGNORE
879,5.6941366846315,3,low,0.02,0.2743126591279987,0.004826822494654591,0.016185974793777813,1.3739600653888449,0.032371949587555626,-0.016185974793777813,IGNORE
880,5.6941366846315,3,medium,0.08,1.2069598605157137,0.02050080934780047,0.06728405896255565,1.7308739941026647,0.1345681179251113,-0.06728405896255565,IGNORE
881,5.6941366846315,3,high,0.2,3.0329595965293668,0.05161700981294475,0.15541882458755565,2.225039161243058,0.3108376491751113,-0.15541882458755565,IGNORE
882,5.6941366846315,4,low,0.02,0.3401056410123604,0.0060681218188824194,0.025463318543777834,1.4147349008988583,0.05092663708755567,-0.025463318543777834,IGNORE
883,5.6941366846315,4,medium,0.08,1.4130431018185492,0.023844015991559702,0.07411999646255565,1.7822002273090598,0.1482399929251113,-0.07411999646255565,IGNORE
884,5.6941366846315,4,high,0.2,3.4830613849119345,0.05912252942834638,0.17348523083755565,2.3184671175857225,0.3469704616751113,-0.17348523083755565,IGNORE
885,5.6941366846315,5,low,0.02,0.2280131844172483,0.004039514066735937,0.013744568543777813,1.354347316136312,0.027489137087555626,-0.013744568543777813,IGNORE
886,5.6941366846315,5,medium,0.08,1.1233934483996943,0.01900085169653904,0.060692262087555654,1.6956531557390702,0.12138452417511131,-0.060692262087555654,IGNORE
887,5.6941366846315,5,high,0.2,3.3098881116255012,0.05589739520376737,0.16469616833755565,2.277237438335707,0.3293923366751113,-0.16469616833755565,IGNORE
888,5.6941366846315,6,low,0.02,0.3034864484282728,0.005333663593070192,0.018481993956222166,1.3784691307121018,0.03696398791244433,-0.018481993956222166,IGNORE
889,5.6941366846315,6,medium,0.08,1.3129712622842948,0.021889359499206496,0.06411023083755565,1.7298421134655082,0.1282204616751113,-0.06411023083755565,IGNORE
890,5.6941366846315,6,high,0.2,3.2756479105369882,0.05602731042201296,0.16811413708755565,2.2842281941852924,0.3362282741751113,-0.16811413708755565,IGNORE
891,5.6941366846315,7,low,0.02,0.20739023429307374,0.0037363135111181623,0.013744568543777813,1.3530346463618246,0.027489137087555626,-0.013744568543777813,IGNORE
892,5.6941366846315,7,medium,0.08,0.9887368008870181,0.017111092774849814,0.059227418337555654,1.6746966772414953,0.11845483667511131,-0.059227418337555654,IGNORE
893,5.6941366846315,7,high,0.2,3.277280732891759,0.055839901477860214,0.16689343396255565,2.284514485987782,0.3337868679251113,-0.16689343396255565,IGNORE
894,5.6941366846315,8,low,0.02,0.2575539963390081,0.004555563027634627,0.015770387087555647,1.3765468544829056,0.031540774175111294,-0.015770387087555647,IGNORE
895,5.6941366846315,8,medium,0.08,1.1885352237700904,0.02019104359655323,0.06581921521255565,1.7256155397713824,0.1316384304251113,-0.06581921521255565,IGNORE
896,5.6941366846315,8,high,0.2,3.34868597472172,0.056993824213983225,0.16884655896255565,2.290636868544466,0.3376931179251113,-0.16884655896255565,IGNORE
897,5.6941366846315,9,low,0.02,0.32069745760843194,0.005676356970070044,0.019214415831222166,1.3581485174046923,0.03842883166244433,-0.019214415831222166,IGNORE
898,5.6941366846315,9,medium,0.08,1.4368248228851006,0.02463700251779779,0.08144421521255565,1.8153957033881736,0.1628884304251113,-0.08144421521255565,IGNORE
899,5.6941366846315,9,high,0.2,3.6594053890715035,0.06132265053123605,0.17543835583755565,2.3315731419577728,0.3508767116751113,-0.17543835583755565,IGNORE
900,5.890486225480862,0,low,0.02,0.2576471880189397,0.004515400537178825,0.012939453124999946,1.2455760317636235,0.025878906249999892,-0.012939453124999946,IGNORE
901,5.890486225480862,0,medium,0.08,1.2374751788817928,0.020965160974224486,0.06535707964019716,1.6283954104524017,0.13071415928039432,-0.06535707964019716,IGNORE
902,5.890486225480862,0,high,0.2,3.33091766114674,0.056881359882343795,0.16594301714019716,2.1929966498461475,0.3318860342803943,-0.16594301714019716,IGNORE
903,5.890486225480862,1,low,0.02,0.36109716349646526,0.006406158172523673,0.022632470265197158,1.3218730000295662,0.045264940530394315,-0.022632470265197158,IGNORE
904,5.890486225480862,1,medium,0.08,1.4472663605785971,0.024736368320528855,0.07780825151519716,1.7047207424563753,0.15561650303039432,-0.07780825151519716,IGNORE
905,5.890486225480862,1,high,0.2,3.4266242077195157,0.059382606387794586,0.17448793901519716,2.2339202466975676,0.3489758780303943,-0.17448793901519716,IGNORE
906,5.890486225480862,2,low,0.02,0.3146170554880564,0.005633112505677013,0.0263671875,1.280613793786322,0.052734375,-0.0263671875,IGNORE
907,5.890486225480862,2,medium,0.08,1.2936957472197876,0.022041512753991473,0.06779848589019716,1.6421077562315627,0.13559697178039432,-0.06779848589019716,IGNORE
908,5.890486225480862,2,high,0.2,3.4367355380652826,0.05932777408296169,0.17302309526519716,2.2268087293630847,0.3460461905303943,-0.17302309526519716,IGNORE
909,5.890486225480862,3,low,0.02,0.2438116555536728,0.004320685802879832,0.013952319554901393,1.2342179797216377,0.027904639109802787,-0.013952319554901393,IGNORE
910,5.890486225480862,3,medium,0.08,1.2240519372726792,0.02058803644543728,0.06315981401519716,1.6106984247512777,0.12631962803039432,-0.06315981401519716,IGNORE
911,5.890486225480862,3,high,0.2,3.037114891793067,0.053196215457825075,0.15959536089019716,2.15308343421305,0.3191907217803943,-0.15959536089019716,IGNORE
912,5.890486225480862,4,low,0.02,0.34028474366329775,0.006130417498405027,0.025598461695098607,1.3067902279382855,0.05119692339019721,-0.025598461695098607,IGNORE
913,5.890486225480862,4,medium,0.08,1.414402329826982,0.024184023400500257,0.07536684526519716,1.6894965044099837,0.15073369053039432,-0.07536684526519716,IGNORE
914,5.890486225480862,4,high,0.2,3.4906629517651795,0.06065492225856813,0.17766176714019716,2.2487075590888916,0.3553235342803943,-0.17766176714019716,IGNORE
915,5.890486225480862,5,low,0.02,0.2628388889546316,0.004615252743899341,0.014367992945098551,1.261928447875462,0.028735985890197102,-0.014367992945098551,IGNORE
916,5.890486225480862,5,medium,0.08,1.1890621799999384,0.020165529275329455,0.06291567339019716,1.6114652401077145,0.12583134678039432,-0.06291567339019716,IGNORE
917,5.890486225480862,5,high,0.2,3.328161035332891,0.05751091886477533,0.16936098589019716,2.209031935966597,0.3387219717803943,-0.16936098589019716,IGNORE
918,5.890486225480862,6,low,0.02,0.28352176152521436,0.005016930705783969,0.018762524195098607,1.2714539934744724,0.03752504839019721,-0.018762524195098607,IGNORE
919,5.890486225480862,6,medium,0.08,1.2760943003347613,0.021565826616184017,0.06633364214019716,1.6347467393259858,0.13266728428039432,-0.06633364214019716,IGNORE
920,5.890486225480862,6,high,0.2,3.1587853620480297,0.05692239755367307,0.17204653276519716,2.211709970549383,0.3440930655303943,-0.17204653276519716,IGNORE
921,5.890486225480862,7,low,0.02,0.1934284203794056,0.0036452827333422174,0.014123852320098551,1.247984915369913,0.028247704640197102,-0.014123852320098551,IGNORE
922,5.890486225480862,7,medium,0.08,1.056239029117581,0.0186391413294252,0.06096254839019716,1.5904473645737136,0.12192509678039432,-0.06096254839019716,IGNORE
923,5.890486225480862,7,high,0.2,3.28530032685228,0.057446058116868266,0.17058168901519716,2.2136780847855633,0.3411633780303943,-0.17058168901519716,IGNORE
924,5.890486225480862,8,low,0.02,0.257620749384058,0.004607990949815,0.016284814015197158,1.2728987621574754,0.032569628030394315,-0.016284814015197158,IGNORE
925,5.890486225480862,8,medium,0.08,1.185414710013826,0.020642770817241078,0.06755434526519716,1.6359658973046463,0.13510869053039432,-0.06755434526519716,IGNORE
926,5.890486225480862,8,high,0.2,3.340801806757952,0.058532563499272466,0.17326723589019716,2.2218177696311425,0.3465344717803943,-0.17326723589019716,IGNORE
927,5.890486225480862,9,low,0.02,0.3506724921041399,0.006133663899701174,0.020435204640197158,1.3078961091171681,0.040870409280394315,-0.020435204640197158,IGNORE
928,5.890486225480862,9,medium,0.08,1.4615045011071826,0.025526858024000947,0.08244692339019716,1.7275562695712132,0.16489384678039432,-0.08244692339019716,IGNORE
929,5.890486225480862,9,high,0.2,3.636733008106369,0.0621659195435141,0.17961489214019716,2.258660306980555,0.3592297842803943,-0.17961489214019716,IGNORE
930,6.086835766330224,0,low,0.02,0.2832431051342398,0.004952880891217045,0.01490279963968135,1.1861988972114315,0.0298055992793627,-0.01490279963968135,IGNORE
931,6.086835766330224,0,medium,0.08,1.0215893580982847,0.018406551213818085,0.05738326838968135,1.499664948560394,0.1147665367793627,-0.05738326838968135,IGNORE
932,6.086835766330224,0,high,0.2,3.3465380982379664,0.05930079621760075,0.16846725276468133,2.144552094361363,0.33693450552936266,-0.16846725276468133,IGNORE
933,6.086835766330224,1,low,0.02,0.3416924621765256,0.006288573607540933,0.02125045588968135,1.2351946870958834,0.0425009117793627,-0.02125045588968135,IGNORE
934,6.086835766330224,1,medium,0.08,1.4319869501120575,0.025556935552137387,0.07789108088968136,1.6364626871095438,0.15578216177936272,-0.07789108088968136,IGNORE
935,6.086835766330224,1,high,0.2,3.436303014388712,0.06222541601806275,0.17676803401468133,2.186484805354129,0.35353606802936266,-0.17676803401468133,IGNORE
936,6.086835766330224,2,low,0.02,0.3049933817304147,0.005564902209772787,0.026494368569840686,1.204353392276721,0.05298873713968137,-0.026494368569840686,IGNORE
937,6.086835766330224,2,medium,0.08,1.2876184352730522,0.022821258426484102,0.06910201838968136,1.5787787954323487,0.13820403677936272,-0.06910201838968136,IGNORE
938,6.086835766330224,2,high,0.2,3.4969967210934985,0.06222842855784118,0.17554733088968133,2.1799315643998893,0.35109466177936266,-0.17554733088968133,IGNORE
939,6.086835766330224,3,low,0.02,0.24874207298412562,0.004399156100639198,0.01368209651468135,1.17342945802346,0.0273641930293627,-0.01368209651468135,IGNORE
940,6.086835766330224,3,medium,0.08,1.237280943178269,0.02131082575610209,0.06421920588968136,1.5447779928407293,0.12843841177936272,-0.06421920588968136,IGNORE
941,6.086835766330224,3,high,0.2,3.0596195905551937,0.05633555157937911,0.16211959651468133,2.1078395420634495,0.32423919302936266,-0.16211959651468133,IGNORE
942,6.086835766330224,4,low,0.02,0.30401018243766226,0.005456616304062775,0.025761946694840686,1.1941847750165109,0.05152389338968137,-0.025761946694840686,IGNORE
943,6.086835766330224,4,medium,0.08,1.4347670712964589,0.025190835743584203,0.07569381526468136,1.622626639368077,0.15138763052936272,-0.07569381526468136,IGNORE
944,6.086835766330224,4,high,0.2,3.3747379525335672,0.06068420062547973,0.17164108088968133,2.159195352665897,0.34328216177936266,-0.17164108088968133,IGNORE
945,6.086835766330224,5,low,0.02,0.2395895747308699,0.004431367541775047,0.01539108088968135,1.1850411142490387,0.0307821617793627,-0.01539108088968135,IGNORE
946,6.086835766330224,5,medium,0.08,1.1534960489822494,0.02077897984252203,0.06446334651468136,1.5466983382323238,0.12892669302936272,-0.06446334651468136,IGNORE
947,6.086835766330224,5,high,0.2,3.2680655136064733,0.05887207571404036,0.16797897151468133,2.140570290396956,0.33595794302936266,-0.16797897151468133,IGNORE
948,6.086835766330224,6,low,0.02,0.3034485659635885,0.0054042815820889555,0.019414290444840686,1.1988573743198954,0.03882858088968137,-0.019414290444840686,IGNORE
949,6.086835766330224,6,medium,0.08,1.2743337633089695,0.022366765277454452,0.06788131526468136,1.5731777701704908,0.13576263052936272,-0.06788131526468136,IGNORE
950,6.086835766330224,6,high,0.2,3.4077704422442725,0.06159164500914978,0.17481490901468133,2.1744220221330783,0.34962981802936266,-0.17481490901468133,IGNORE
951,6.086835766330224,7,low,0.02,0.22445662801396993,0.004122622748901902,0.013066634194840665,1.1591017234914016,0.02613326838968133,-0.013066634194840665,IGNORE
952,6.086835766330224,7,medium,0.08,1.0874349886282166,0.019848315886882115,0.06202194026468136,1.5320273486688558,0.12404388052936272,-0.06202194026468136,IGNORE
953,6.086835766330224,7,high,0.2,3.3077358824832004,0.060560335507792835,0.17286178401468133,2.1672942078244883,0.34572356802936266,-0.17286178401468133,IGNORE
954,6.086835766330224,8,low,0.02,0.2686366778563264,0.004936138109365769,0.01661178401468135,1.198123479483801,0.0332235680293627,-0.01661178401468135,IGNORE
955,6.086835766330224,8,medium,0.08,1.2396843859324571,0.022241088068692336,0.06836959651468136,1.5741406009097307,0.13673919302936272,-0.06836959651468136,IGNORE
956,6.086835766330224,8,high,0.2,3.280136039020144,0.06138438901615769,0.17554733088968133,2.17546732195231,0.35109466177936266,-0.17554733088968133,IGNORE
957,6.086835766330224,9,low,0.02,0.3197434479557107,0.0056073067954340835,0.01734420588968135,1.2057398358120315,0.0346884117793627,-0.01734420588968135,IGNORE
958,6.086835766330224,9,medium,0.08,1.3828627996759013,0.02445957116653978,0.07447311213968136,1.6122984765281885,0.14894622427936272,-0.07447311213968136,IGNORE
959,6.086835766330224,9,high,0.2,3.6425609044440908,0.0646332413801399,0.18213912776468133,2.210954429728325,0.36427825552936266,-0.18213912776468133,IGNORE
960,6.283185307179586,0,low,0.02,0.3116211042835415,0.005448442029075284,0.015625,1.1576622960051726,0.03125,-0.015625,IGNORE
961,6.283185307179586,0,medium,0.08,1.249847856736935,0.020838241524073844,0.058837890625,1.4834757075280913,0.11767578125,-0.058837890625,IGNORE
962,6.283185307179586,0,high,0.2,3.7764695060800344,0.06256039096250972,0.169189453125,2.126939090719733,0.33837890625,-0.169189453125,IGNORE
963,6.283185307179586,1,low,0.02,0.41415283768283934,0.007163073034985357,0.0205078125,1.1995016845060626,0.041015625,-0.0205078125,IGNORE
964,6.283185307179586,1,medium,0.08,1.674335952760888,0.02778057188588491,0.077880859375,1.611138342536181,0.15576171875,-0.077880859375,IGNORE
965,6.283185307179586,1,high,0.2,3.97628981212906,0.06594655795197157,0.177734375,2.1707417967810496,0.35546875,-0.177734375,IGNORE
966,6.283185307179586,2,low,0.02,0.35806138953218025,0.006377773784514428,0.026611328125,1.1760557620939056,0.05322265625,-0.026611328125,IGNORE
967,6.283185307179586,2,medium,0.08,1.4837141939042577,0.02483438573890724,0.0693359375,1.5540649380570124,0.138671875,-0.0693359375,IGNORE
968,6.283185307179586,2,high,0.2,3.942763522359606,0.06553446347147325,0.17626953125,2.1621815852279056,0.3525390625,-0.17626953125,IGNORE
969,6.283185307179586,3,low,0.02,0.2817419291668071,0.004947515093575649,0.01416015625,1.1438404102289965,0.0283203125,-0.01416015625,IGNORE
970,6.283185307179586,3,medium,0.08,1.4859455715622238,0.024654279366462452,0.0693359375,1.550845740575514,0.138671875,-0.0693359375,IGNORE
971,6.283185307179586,3,high,0.2,3.6301880594512537,0.060055949255615845,0.162841796875,2.0912887729923897,0.32568359375,-0.162841796875,IGNORE
972,6.283185307179586,4,low,0.02,0.3476389224236825,0.006197498210777175,0.02587890625,1.1721160625241829,0.0517578125,-0.02587890625,IGNORE
973,6.283185307179586,4,medium,0.08,1.5610101513828594,0.02592057674427567,0.07275390625,1.5753834317887343,0.1455078125,-0.07275390625,IGNORE
974,6.283185307179586,4,high,0.2,3.960722687439657,0.06568439017029434,0.177001953125,2.16473619859988,0.35400390625,-0.177001953125,IGNORE
975,6.283185307179586,5,low,0.02,0.3182659317989319,0.00553156335084987,0.015869140625,1.1575639068916468,0.03173828125,-0.015869140625,IGNORE
976,6.283185307179586,5,medium,0.08,1.3866062220201036,0.023054052227850758,0.06494140625,1.5233768568962407,0.1298828125,-0.06494140625,IGNORE
977,6.283185307179586,5,high,0.2,3.7716525165211117,0.06245927634718349,0.1689453125,2.1244004670779146,0.337890625,-0.1689453125,IGNORE
978,6.283185307179586,6,low,0.02,0.3367694063576945,0.0059401608349354,0.019775390625,1.1688213182684661,0.03955078125,-0.019775390625,IGNORE
979,6.283185307179586,6,medium,0.08,1.4604742238497213,0.024354911273199276,0.068359375,1.5496408452431387,0.13671875,-0.068359375,IGNORE
980,6.283185307179586,6,high,0.2,3.9320427130384905,0.06523558741801777,0.17578125,2.158672302488814,0.3515625,-0.17578125,IGNORE
981,6.283185307179586,7,low,0.02,0.26772287176620424,0.004685702419468587,0.013427734375,1.135601423047313,0.02685546875,-0.013427734375,IGNORE
982,6.283185307179586,7,medium,0.08,1.3358091281389224,0.022270211979119808,0.062744140625,1.511268937015779,0.12548828125,-0.062744140625,IGNORE
983,6.283185307179586,7,high,0.2,3.8783185917287613,0.06429309817764617,0.173583984375,2.150787190564066,0.34716796875,-0.173583984375,IGNORE
984,6.283185307179586,8,low,0.02,0.33696256911620115,0.005884512626560234,0.016845703125,1.1685426433146842,0.03369140625,-0.016845703125,IGNORE
985,6.283185307179586,8,medium,0.08,1.472148718909351,0.024489150828229198,0.06884765625,1.5517742502967091,0.1376953125,-0.06884765625,IGNORE
986,6.283185307179586,8,high,0.2,3.950302540180787,0.06546999055282426,0.176513671875,2.160793152194604,0.35302734375,-0.176513671875,IGNORE
987,6.283185307179586,9,low,0.02,0.43099138073345666,0.007423112806865023,0.021240234375,1.2036730137226128,0.04248046875,-0.021240234375,IGNORE
988,6.283185307179586,9,medium,0.08,1.452022522053014,0.024144437070388054,0.06787109375,1.5428579323313398,0.1357421875,-0.06787109375,IGNORE
989,6.283185307179586,9,high,0.2,4.104129698941737,0.06808746062889964,0.18310546875,2.1950453790393816,0.3662109375,-0.18310546875,IGNORE
